Timestamp,Rank,Player name,Guess rate,Usefulness,erigs,0/8s,7/8s,avg/8,# 3/8s or below,OP guess rate,ED guess rate,IN guess rate,Lives taken,Lives saved,Total hit,Total songs,WIN,LOSE,TIE,Onlist,Offlist,Rig %,Rigs,Solo rigs,Missed solos,Rigs hit,Rigs missed,Lives lost on rigs,Offlist erigs,avg/8 of your rigs,Player ID,Offlist hit
2026-02-03 14:14:42,13.7,atsui,48.75,10.093,2,12,0,5.141,15,0,0,48.75,6,9,78,160,3,3,0,80.952,37.288,26.25,42,4,3,34,8,1,1,4.619,1,44
2026-02-13 15:17:16,12.909,atsui,53.077,13.676,5,12,1,4.739,21,0,0,53.077,7,9,69,130,3,2,0,86.667,43,23.077,30,10,3,26,4,0,0,3.367,1,43
2026-01-09 22:25:54,20.721,watashiii,74.483,23.81,7,10,0,3.935,48,0,0,74.483,15,27,108,145,2,3,0,78.889,67.273,62.069,90,6,6,71,19,4,3,3.489,4,37
2026-02-17 22:57:01,110.0,Hejsan,51.667,125.993,2,10,1,4.194,26,0,0,51.667,10,9,62,120,4,1,0,70.37,36.364,45,54,6,5,38,16,2,0,3.37,8,24
2026-04-14 12:21:10,120.32,Hejsan,43.609,108.512,3,6,1,4.328,23,0,0,43.609,6,7,58,133,2,3,0,76,24.096,37.594,50,5,1,38,12,4,0,3.8,8,20
2026-03-21 23:58:10,170.0,PoolNoodle,84.0,247.926,7,3,0,3.714,42,0,0,84,14,23,84,100,1,4,0,95.833,80.263,24,24,7,0,23,1,0,2,3.5,21,61
2026-04-14 12:21:10,158.49,PoolNoodle,85.393,287.07,6,4,0,3.539,40,0,0,85.393,14,28,76,89,3,2,0,100,79.365,29.213,26,6,0,26,0,0,3,2.923,21,50
2026-01-09 22:25:54,13.323,Tsui,46.512,12.217,3,9,0,4.45,18,0,0,46.512,5,13,60,129,3,1,1,64.286,41.584,21.705,28,3,3,18,10,1,1,3.821,33,42
2026-01-18 13:47:44,13.323,Tsui,49.701,10.304,5,6,0,4.94,15,0,0,49.701,6,8,83,167,4,2,0,82.353,41.353,20.359,34,8,1,28,6,1,0,4.0,33,55
2026-02-03 14:14:42,13.312,Tsui,50.968,13.579,2,8,0,4.62,25,0,0,50.968,10,10,79,155,4,2,0,82.353,42.149,21.935,34,5,1,28,6,0,1,4.294,33,51
2026-02-13 15:17:16,13.542,Tsui,63.158,18.604,6,14,0,4.213,45,0,0,63.158,16,16,108,171,2,4,0,78.723,57.258,27.485,47,10,5,37,10,2,1,3.191,33,71
2026-02-17 22:57:01,119.77,Tsui,57.463,134.126,5,10,0,4.403,24,0,0,57.463,8,12,77,134,4,1,0,86.111,46.939,26.866,36,3,1,31,5,3,2,3.861,33,46
2026-02-23 13:34:06,121.14,Tsui,54.717,125.163,2,8,0,4.207,21,0,0,54.717,5,15,58,106,2,3,0,84,45.679,23.585,25,4,2,21,4,2,0,3.64,33,37
2026-02-27 17:49:06,128.811,Tsui,56.452,138.492,3,8,1,4.443,26,0,0,56.452,5,20,70,124,0,5,0,82.759,48.421,23.387,29,5,1,24,5,2,0,3.483,33,46
2026-03-01 17:03:20,120.654,Tsui,56.115,147.917,8,10,1,4.205,29,0,0,56.115,11,13,78,139,5,1,0,85.294,46.667,24.46,34,7,2,29,5,2,2,3.5,33,49
2026-04-14 12:21:10,125.0,Sniparook,62.264,176.53,4,2,1,4.0,27,0,0,62.264,9,11,66,106,4,1,0,80.328,37.778,57.547,61,6,1,49,12,2,0,3.77,50,17
2026-05-17 19:20:26,127.04,Sniparook,58.333,139.4,5,6,1,4.297,32,0,0,58.333,14,11,91,156,5,0,1,75,36.765,56.41,88,7,4,66,22,3,0,3.727,50,25
2026-04-14 12:21:10,135.0,Chata,54.955,156.582,9,6,0,4.311,23,0,0,54.955,13,4,61,111,5,0,0,87.5,36.62,36.036,40,10,1,35,5,1,3,4.075,51,26
2026-01-09 22:25:54,18.688,Thaleko,71.901,20.78,7,1,0,4.264,36,0,0,71.901,10,17,87,121,3,2,0,100,58.025,33.058,40,2,0,40,0,0,1,4.075,52,47
2026-05-17 11:44:12,130.0,Lika,51.613,158.159,15,8,0,3.925,36,0,0,51.613,17,13,80,155,3,3,0,90.244,37.719,26.452,41,14,3,37,4,1,2,2.585,58,43
2026-01-11 17:19:26,17.746,neoburnz,72.917,19.995,10,11,0,4.305,40,0,0,72.917,17,20,105,144,4,1,0,90.164,60.241,42.361,61,11,2,55,6,1,0,3.77,59,50
2026-01-18 13:47:44,17.746,neoburnz,74.359,18.421,4,5,0,4.457,38,0,0,74.359,10,15,116,156,3,3,0,93.151,57.831,46.795,73,8,1,68,5,1,0,4.411,59,48
2026-01-26 16:08:49,17.746,neoburnz,71.552,20.425,4,2,0,4.313,33,0,0,71.552,10,19,83,116,1,4,0,95.652,55.714,39.655,46,5,0,44,2,1,2,4.0,59,39
2026-02-03 14:14:42,17.351,neoburnz,65.957,18.69,6,9,0,4.527,29,0,0,65.957,8,20,93,141,3,3,0,90,48.148,42.553,60,2,2,54,6,0,1,4.117,59,39
2026-02-13 15:17:16,17.091,neoburnz,72.297,19.571,4,6,0,4.374,40,0,0,72.297,9,33,107,148,3,3,0,96.364,58.065,37.162,55,9,1,53,2,0,0,4.545,59,54
2026-02-23 13:34:06,144.37,neoburnz,65.6,165.507,4,11,1,4.049,35,0,0,65.6,10,17,82,125,3,2,0,90.385,47.945,41.6,52,6,2,47,5,2,1,4.115,59,35
2026-02-27 17:49:06,144.38,neoburnz,63.551,169.166,3,6,0,4.088,27,0,0,63.551,8,16,68,107,4,1,0,82.5,52.239,37.383,40,5,4,33,7,1,1,3.325,59,35
2026-03-13 15:56:00,147.374,neoburnz,69.643,0.0,7,6,0,3.974,35,0,0,69.643,14,24,78,112,1,4,0,91.489,53.846,41.964,47,8,1,43,4,2,0,3.532,59,35
2026-03-14 16:32:17,140.081,neoburnz,66.406,151.964,7,6,0,4.529,30,0,0,66.406,15,10,85,128,5,1,0,90.909,47.945,42.969,55,10,0,50,5,2,1,4.4,59,35
2026-03-19 16:41:20,145.676,neoburnz,70.29,174.019,6,11,0,4.247,39,0,0,70.29,11,32,97,138,2,3,0,87.273,59.036,39.855,55,10,4,48,7,1,0,3.891,59,49
2026-03-24 19:06:22,140.498,neoburnz,62.609,157.76,5,10,0,4.208,30,0,0,62.609,11,13,72,115,3,2,0,87.5,38.983,48.696,56,3,2,49,7,1,1,3.857,59,23
2026-04-14 12:21:10,138.707,neoburnz,60.902,149.823,4,6,0,4.309,26,0,0,60.902,9,11,81,133,2,3,0,87.234,46.512,35.338,47,4,2,41,6,3,1,3.957,59,40
2026-04-18 14:09:24,136.112,neoburnz,72.358,191.249,5,5,0,4.045,37,0,0,72.358,12,19,89,123,3,1,1,87.037,60.87,43.902,54,8,3,47,7,1,0,3.444,59,42
2026-04-30 15:50:01,138.547,neoburnz,57.5,139.14,2,4,0,4.333,27,0,0,57.5,5,17,69,120,1,4,0,83.333,48.889,25,30,6,1,25,5,3,0,3.867,59,44
2026-05-10 14:32:43,134.883,neoburnz,73.125,196.294,9,8,0,4.094,49,0,0,73.125,16,33,117,160,2,3,0,95,60,37.5,60,4,1,57,3,1,1,4.083,59,60
2026-05-17 19:20:26,135.786,neoburnz,67.052,142.727,6,8,0,4.612,31,0,0,67.052,11,15,116,173,3,2,1,89.706,52.381,39.306,68,10,1,61,7,2,0,4.132,59,55
2026-05-19 16:16:06,136.649,neoburnz,67.097,160.986,5,8,0,4.5,42,0,0,67.097,10,24,104,155,3,3,0,93.103,51.546,37.419,58,4,2,54,4,1,1,4.397,59,50
2026-01-05 18:59:48,15.233,bamboo,38.462,14.119,4,6,1,3.657,17,0,0,38.462,7,7,35,91,1,4,0,95.238,21.429,23.077,21,4,1,20,1,0,0,3.048,66,15
2026-01-09 22:25:54,14.319,bamboo,50.394,14.588,2,3,0,4.172,27,0,0,50.394,12,8,64,127,3,2,0,100,36.364,22.047,28,3,0,28,0,0,0,3.857,66,36
2026-01-26 16:08:49,14.319,bamboo,59.292,15.806,5,4,0,4.552,20,0,0,59.292,10,8,67,113,3,2,0,100,40.26,31.858,36,9,0,36,0,0,0,4.278,66,31
2026-04-14 12:21:10,118.21,bamboo,40.566,98.811,2,2,0,4.419,16,0,0,40.566,6,6,43,106,4,1,0,89.286,23.077,26.415,28,4,0,25,3,0,0,4.179,66,18
2026-04-18 14:09:24,113.53,bamboo,50.0,143.155,9,6,1,4.138,29,0,0,50,10,12,65,130,3,2,0,96.774,35.354,23.846,31,12,0,30,1,0,0,3.0,66,35
2026-04-28 18:07:21,114.89,bamboo,52.542,128.402,4,3,1,4.306,26,0,0,52.542,13,10,62,118,4,2,0,96.875,36.047,27.119,32,4,0,31,1,1,0,3.844,66,31
2026-05-10 14:32:43,124.162,bamboo,48.0,181.536,11,6,0,3.354,27,0,0,48,17,8,48,100,4,1,0,90.625,27.941,32,32,10,3,29,3,0,0,2.281,66,19
2026-01-11 17:19:26,10.846,DKing20,50.459,10.057,1,3,0,4.8,13,0,0,50.459,4,7,55,109,3,2,0,100,28,31.193,34,1,0,34,0,0,0,4.706,67,21
2026-03-21 23:58:10,99.33,DKing20,43.678,94.698,2,1,1,4.553,13,0,0,43.678,4,4,38,87,4,1,0,95.652,25,26.437,23,5,0,22,1,0,0,4.696,67,16
2026-01-09 22:25:54,14.988,MahiruShiina,47.015,15.097,5,8,3,4.016,30,0,0,47.015,8,12,63,134,3,2,0,79.032,19.444,46.269,62,3,2,49,13,1,1,4.016,70,14
2026-02-03 14:14:42,13.7,ruuka,47.5,10.677,1,12,1,4.987,20,0,0,47.5,6,14,76,160,3,3,0,61.842,34.524,47.5,76,0,6,47,29,2,1,4.237,72,29
2026-02-23 13:34:06,103.0,ruuka,46.491,128.787,6,8,1,4.057,22,0,0,46.491,12,10,53,114,2,3,0,69.811,26.23,46.491,53,12,3,37,16,2,0,3.509,72,16
2026-02-27 17:49:06,111.82,ruuka,50.0,125.111,1,9,0,4.182,19,0,0,50,6,8,55,110,2,3,0,61.017,37.255,53.636,59,5,5,36,23,8,0,3.288,72,19
2026-02-27 17:49:06,140.0,neptune,58.182,140.698,1,9,0,4.156,23,0,0,58.182,6,9,64,110,2,3,0,88.636,37.879,40,44,1,1,39,5,4,0,3.795,77,25
2026-03-19 16:41:20,115.82,neptune,65.441,139.991,4,14,0,4.494,30,0,0,65.441,8,11,89,136,4,1,0,96.491,43.038,41.912,57,7,1,55,2,0,1,4.211,77,34
2026-03-24 19:06:22,118.7,neptune,60.305,133.049,6,10,0,4.595,23,0,0,60.305,11,8,79,131,3,2,0,91.228,36.486,43.511,57,6,2,52,5,0,1,4.14,77,27
2026-04-30 15:50:01,121.68,neptune,59.701,120.696,0,9,0,4.525,26,0,0,59.701,4,11,80,134,3,2,0,90.698,45.055,32.09,43,1,2,39,4,1,0,3.721,77,41
2026-05-19 16:16:06,118.69,neptune,67.76,159.094,7,12,0,4.476,43,0,0,67.76,10,28,124,183,3,3,0,95.238,44.444,45.902,84,10,2,80,4,0,1,4.143,77,44
2026-01-26 16:08:49,14.204,JuliAless64,55.039,13.713,3,6,1,4.592,25,0,0,55.039,11,7,71,129,5,0,0,82.812,27.692,49.612,64,7,1,53,11,3,0,4.078,79,18
2026-02-17 22:57:01,119.64,JuliAless64,61.333,135.902,5,10,0,4.435,30,0,0,61.333,14,9,92,150,3,2,0,89.61,31.507,51.333,77,6,0,69,8,1,0,4.234,79,23
2026-01-09 22:25:54,11.064,Pile,47.692,11.655,3,6,1,4.645,18,0,0,47.692,7,7,62,130,2,2,1,69.841,26.866,48.462,63,7,5,44,19,3,0,3.937,81,18
2026-02-17 22:57:01,107.15,Pile,41.727,97.41,4,8,2,4.448,21,0,0,41.727,8,6,58,139,4,1,0,66.667,19.178,47.482,66,9,5,44,22,6,0,3.439,81,14
2026-03-24 19:06:22,105.85,Pile,42.241,96.599,6,4,1,4.796,17,0,0,42.241,7,6,49,116,2,3,0,68.519,19.355,46.552,54,8,1,37,17,7,0,3.759,81,12
2026-01-11 17:19:26,16.911,ShiinaMahiru,64.463,15.97,4,8,1,4.487,27,0,0,64.463,8,14,78,121,1,4,0,94.444,51.765,29.752,36,8,0,34,2,1,0,4.083,82,44
2026-02-27 17:49:06,128.54,ShiinaMahiru,65.556,186.315,6,7,0,4.085,26,0,0,65.556,12,8,59,90,4,1,0,88,56.923,27.778,25,6,2,22,3,1,3,3.96,82,37
2026-03-13 15:56:00,133.81,ShiinaMahiru,56.522,0.0,5,7,0,3.942,20,0,0,56.522,8,14,52,92,3,2,0,91.667,44.118,26.087,24,3,0,22,2,1,2,3.375,82,30
2026-03-18 15:43:11,129.66,ShiinaMahiru,68.345,169.452,2,8,0,3.884,46,0,0,68.345,17,17,95,139,4,2,0,94.595,58.824,26.619,37,1,0,35,2,1,0,3.676,82,60
2026-04-09 15:36:48,133.45,ShiinaMahiru,64.122,140.991,3,6,1,4.405,31,0,0,64.122,7,23,84,131,2,3,1,95.238,58.182,16.031,21,4,0,20,1,0,1,3.714,82,64
2026-05-10 14:32:43,131.13,ShiinaMahiru,55.118,134.564,5,13,0,4.257,23,0,0,55.118,12,6,70,127,4,1,0,84.848,44.681,25.984,33,3,1,28,5,1,1,3.97,82,42
2026-02-16 14:25:39,13.0,Milar,49.524,17.596,3,12,0,3.846,28,0,0,49.524,13,9,52,105,4,1,0,88.889,41.379,17.143,18,4,2,16,2,0,2,3.278,83,36
2026-02-03 14:14:42,13.6,Emdiel,53.548,15.422,6,8,0,4.506,28,0,0,53.548,10,14,83,155,4,2,0,86.567,28.409,43.226,67,9,2,58,9,2,0,4.164,88,25
2026-02-16 14:25:39,14.822,Emdiel,54.128,15.562,3,4,0,4.407,21,0,0,54.128,6,11,59,109,1,4,0,73.585,35.714,48.624,53,7,3,39,14,5,0,3.679,88,20
2026-02-16 14:25:39,13.0,Baikinman,44.037,11.926,4,11,0,4.521,13,0,0,44.037,8,5,48,109,3,1,1,53.226,31.915,56.881,62,9,8,33,29,3,0,3.161,91,15
2026-02-17 22:57:01,107.12,Baikinman,40.323,83.108,1,13,0,4.56,14,0,0,40.323,5,4,50,124,1,4,0,59.375,20,51.613,64,5,5,38,26,10,0,3.453,91,12
2026-04-30 15:50:01,105.0,chaabdu92,33.846,73.3,4,5,4,4.773,12,0,0,33.846,5,5,44,130,3,2,0,77.5,14.444,30.769,40,6,4,31,9,1,0,4.0,97,13
2026-05-19 16:16:06,90.8,chaabdu92,34.078,65.735,2,12,5,4.951,18,0,0,34.078,4,8,61,179,1,5,0,74.468,19.697,26.257,47,8,5,35,12,1,0,3.851,97,26
2026-02-17 22:57:01,115.0,Comete,38.71,81.981,1,13,2,4.396,16,0,0,38.71,5,5,48,124,1,4,0,61.818,20.29,44.355,55,5,3,34,21,7,0,3.436,98,14
2026-02-03 14:14:42,13.6,753,51.389,11.119,1,11,1,5.108,20,0,0,51.389,4,9,74,144,2,4,0,70.115,22.807,60.417,87,8,5,61,26,8,0,4.184,100,13
2026-02-16 14:25:39,12.469,IrinaShidou,60.577,20.962,5,5,0,3.857,28,0,0,60.577,8,19,63,104,2,3,0,71.642,40.541,64.423,67,11,2,48,19,7,0,3.104,100,15
2026-02-17 22:57:01,118.4,IrinaShidou,63.433,133.107,1,10,0,4.471,24,0,0,63.433,7,15,85,134,4,1,0,73.75,48.148,59.701,80,8,3,59,21,5,0,3.712,100,26
2026-04-30 15:50:01,113.74,IrinaShidou,58.955,123.948,2,9,0,4.519,24,0,0,58.955,5,9,79,134,3,2,0,78.082,36.066,54.478,73,5,3,57,16,1,0,3.918,100,22
2026-05-10 14:32:43,113.04,IrinaShidou,54.701,122.651,4,12,0,4.453,20,0,0,54.701,7,13,64,117,4,1,0,65.672,40,57.265,67,3,5,44,23,4,0,3.567,100,20
2026-03-21 23:58:10,120.0,cafezinho,43.0,99.186,2,6,1,4.442,16,0,0,43,9,5,43,100,4,1,0,65.789,29.032,38,38,4,2,25,13,1,2,3.579,106,18
2026-01-09 22:25:54,14.751,Fumiii,49.558,9.473,1,6,0,5.214,13,0,0,49.558,4,6,56,113,1,4,0,85,30.137,35.398,40,5,1,34,6,0,0,4.7,119,22
2026-01-11 17:19:26,14.751,Fumiii,57.6,15.511,2,5,0,4.403,29,0,0,57.6,7,20,72,125,3,2,0,84.483,34.328,46.4,58,7,3,49,9,0,0,3.862,119,23
2026-01-18 13:47:44,14.751,Fumiii,66.026,14.871,5,5,0,4.66,24,0,0,66.026,11,9,103,156,3,3,0,97.368,36.25,48.718,76,8,1,74,2,0,0,4.421,119,29
2026-01-26 16:08:49,14.751,Fumiii,59.559,12.691,1,5,1,4.914,22,0,0,59.559,5,21,81,136,0,5,0,86.957,31.343,50.735,69,3,1,60,9,3,0,4.261,119,21
2026-02-09 14:05:22,14.192,Fumiii,52.991,16.51,4,4,1,4.081,27,0,0,52.991,9,17,62,117,3,3,0,93.878,23.529,41.88,49,4,0,46,3,1,0,3.755,119,16
2026-02-13 15:17:16,14.286,Fumiii,65.294,17.232,7,11,1,4.577,37,0,0,65.294,17,17,111,170,4,2,0,90.323,35.065,54.706,93,8,3,84,9,0,0,4.387,119,27
2026-02-16 14:25:39,13.494,Fumiii,51.376,13.446,3,4,0,4.571,16,0,0,51.376,6,6,56,109,1,4,0,88.889,25,41.284,45,0,0,40,5,1,0,4.089,119,16
2026-02-17 22:57:01,107.888,Fumiii,50.36,121.782,6,8,0,4.357,26,0,0,50.36,10,8,70,139,4,1,0,88.136,22.5,42.446,59,7,0,52,7,1,0,4.017,119,18
2026-03-01 17:03:20,114.12,Fumiii,50.725,126.526,7,11,0,4.243,22,0,0,50.725,11,7,70,138,3,3,0,89.796,29.213,35.507,49,2,2,44,5,0,1,3.714,119,26
2026-03-19 16:41:20,114.332,Fumiii,68.939,159.415,4,4,0,4.242,35,0,0,68.939,11,18,91,132,2,3,0,89.61,40,58.333,77,3,1,69,8,1,0,4.091,119,22
2026-03-21 23:58:10,115.588,Fumiii,60.194,154.809,4,5,0,4.113,23,0,0,60.194,9,9,62,103,2,3,0,95.745,30.357,45.631,47,6,1,45,2,0,0,4.149,119,17
2026-03-29 18:09:19,116.418,Fumiii,67.857,152.071,5,8,0,4.221,34,0,0,67.857,11,21,95,140,3,2,0,92.857,42.857,50,70,2,1,65,5,1,1,4.086,119,30
2026-04-09 15:36:48,119.586,Fumiii,66.438,156.043,4,8,0,4.361,39,0,0,66.438,13,21,97,146,4,2,0,96.104,33.333,52.74,77,4,0,74,3,1,0,4.377,119,23
2026-04-28 18:07:21,122.41,Fumiii,56.8,137.393,5,5,0,4.282,26,0,0,56.8,16,10,71,125,2,4,0,86.667,29.231,48,60,4,3,52,8,1,2,3.867,119,19
2026-04-30 15:50:01,124.341,Fumiii,66.667,120.133,2,8,0,4.892,24,0,0,66.667,8,10,102,153,2,3,0,97.468,33.784,51.634,79,2,1,77,2,0,1,4.975,119,25
2026-05-10 14:32:43,124.378,Fumiii,55.118,134.784,6,13,0,4.257,24,0,0,55.118,10,5,70,127,4,1,0,87.5,29.577,44.094,56,2,2,49,7,2,0,3.857,119,21
2026-05-17 11:44:12,124.543,Fumiii,58.333,148.295,8,6,0,4.195,29,0,0,58.333,12,13,77,132,6,0,0,92.857,19.355,53.03,70,8,3,65,5,0,0,3.829,119,12
2026-05-17 19:20:26,130.707,Fumiii,65.161,151.818,8,9,0,4.475,29,0,0,65.161,12,14,101,155,2,4,0,89.412,35.714,54.839,85,3,4,76,9,3,1,4.165,119,25
2026-05-19 16:16:06,130.924,Fumiii,54.749,123.779,3,12,1,4.582,36,0,0,54.749,9,25,98,179,1,5,0,82.353,29.787,47.486,85,3,3,70,15,4,0,4.235,119,28
2026-01-05 18:59:48,9.832,Janoxx,21.552,10.322,10,6,2,3.6,13,0,0,21.552,11,2,25,116,3,2,0,100,10.784,12.069,14,10,0,14,0,0,1,1.857,121,11
2026-01-09 22:25:54,10.685,Janoxx,31.522,11.944,5,3,0,3.724,15,0,0,31.522,8,6,29,92,2,2,0,94.444,16.216,19.565,18,6,0,17,1,0,0,2.778,121,12
2026-01-11 17:19:26,10.685,Janoxx,24.561,9.728,5,7,4,3.464,17,0,0,24.561,11,1,28,114,4,1,0,89.474,11.579,16.667,19,10,2,17,2,0,0,2.0,121,11
2026-01-18 13:47:44,10.685,Janoxx,35.329,13.771,15,6,6,3.949,26,0,0,35.329,17,7,59,167,4,2,0,93.548,22.059,18.563,31,25,2,29,2,0,0,2.0,121,30
2026-02-09 14:05:22,13.432,Janoxx,20.408,8.184,4,5,3,3.65,11,0,0,20.408,8,2,20,98,2,4,0,92.308,9.412,13.265,13,7,1,12,1,0,0,2.615,121,8
2026-02-16 14:25:39,12.823,Janoxx,29.524,10.788,2,12,1,3.871,18,0,0,29.524,8,6,31,105,4,1,0,100,17.778,14.286,15,7,0,15,0,0,0,2.533,121,16
2026-02-17 22:57:01,113.819,Janoxx,20.492,60.305,5,14,0,4.0,11,0,0,20.492,5,4,25,122,1,4,0,88.235,9.524,13.934,17,10,2,15,2,0,0,2.647,121,10
2026-03-01 17:03:20,106.484,Janoxx,25.0,101.538,8,5,4,3.222,17,0,0,25,9,4,27,108,2,4,0,86.364,9.302,20.37,22,10,2,19,3,0,0,2.045,121,8
2026-03-14 16:32:17,106.787,Janoxx,29.94,86.456,9,3,5,4.28,22,0,0,29.94,15,6,50,167,3,3,0,95.455,20,13.174,22,12,0,21,1,0,1,2.364,121,29
2026-03-21 23:58:10,107.823,Janoxx,31.959,102.059,6,4,0,3.935,14,0,0,31.959,6,6,31,97,2,3,0,92.857,21.687,14.433,14,8,1,13,1,0,1,2.0,121,18
2026-03-29 18:09:19,105.307,Janoxx,28.155,91.842,5,7,0,3.483,15,0,0,28.155,8,7,29,103,3,2,0,80,15.663,19.417,20,7,1,16,4,1,0,2.1,121,13
2026-04-07 13:45:30,105.93,Janoxx,33.333,121.414,10,8,3,3.639,19,0,0,33.333,12,4,36,108,6,0,0,85.714,20.69,19.444,21,17,3,18,3,0,0,1.81,121,18
2026-04-14 12:21:10,111.271,Janoxx,23.529,92.277,6,4,1,3.708,13,0,0,23.529,7,6,24,102,1,4,0,93.75,10.465,15.686,16,13,1,15,1,0,0,2.438,121,9
2026-04-28 18:07:21,107.499,Janoxx,34.043,125.58,11,5,1,3.688,19,0,0,34.043,11,7,32,94,2,4,0,85,20.27,21.277,20,14,1,17,3,1,0,2.05,121,15
2026-05-10 14:32:43,104.657,Janoxx,20.561,76.59,6,8,2,3.591,12,0,0,20.561,6,3,22,107,1,4,0,92.857,9.677,13.084,14,9,1,13,1,0,0,2.071,121,9
2026-05-17 11:44:12,102.53,Janoxx,25.833,107.203,9,8,4,3.0,21,0,0,25.833,11,8,31,120,1,5,0,83.333,15.686,15,18,8,0,15,3,3,1,1.667,121,16
2026-01-05 18:59:48,12.04,Konsumenci,31.868,11.235,5,6,0,4.0,12,0,0,31.868,8,4,29,91,1,4,0,70.588,22.973,18.681,17,10,3,12,5,1,0,2.118,123,17
2026-01-09 22:25:54,11.225,Konsumenci,37.398,9.067,5,7,3,5.065,11,0,0,37.398,5,6,46,123,2,3,0,85.714,23.158,22.764,28,8,2,24,4,1,0,3.857,123,22
2026-01-11 17:19:26,11.225,Konsumenci,37.391,8.371,3,5,0,4.744,11,0,0,37.391,4,4,43,115,0,5,0,83.333,28.866,15.652,18,4,1,15,3,0,0,4.0,123,28
2026-03-01 17:03:20,96.67,Konsumenci,37.795,80.097,3,8,0,4.75,18,0,0,37.795,9,3,48,127,2,4,0,69.565,30.769,18.11,23,4,1,16,7,2,1,3.609,123,32
2026-03-24 19:06:22,96.13,Konsumenci,38.462,104.004,5,5,1,4.4,15,0,0,38.462,9,5,35,91,5,0,0,82.609,23.529,25.275,23,6,2,19,4,0,0,3.391,123,16
2026-05-19 16:16:06,99.32,Konsumenci,37.419,70.003,5,8,1,5.31,13,0,0,37.419,9,4,58,155,3,3,0,90.323,24.194,20,31,9,0,28,3,1,0,4.097,123,30
2026-03-19 16:41:20,80.0,ChrisLefko,24.265,28.851,1,14,3,5.667,4,0,0,24.265,1,1,33,136,4,1,0,46,11.628,36.765,50,7,5,23,27,2,0,3.78,133,10
2026-04-30 15:50:01,110.0,Jakemonkey,43.284,102.193,3,9,0,4.414,21,0,0,43.284,11,3,58,134,3,2,0,87.879,28.713,24.627,33,2,1,29,4,0,0,3.97,134,29
2026-01-05 18:59:48,15.265,mahzrunner,47.414,12.619,2,6,0,4.345,20,0,0,47.414,4,11,55,116,3,2,0,85.714,30.864,30.172,35,7,1,30,5,1,0,3.771,143,25
2026-02-17 22:57:01,105.04,mahzrunner,54.0,111.783,2,10,0,4.543,24,0,0,54,13,9,81,150,3,2,0,85.455,35.789,36.667,55,9,2,47,8,1,0,3.855,143,34
2026-03-18 15:43:11,115.71,mahzrunner,56.115,124.431,3,8,0,4.154,31,0,0,56.115,16,3,78,139,4,2,0,82.456,37.805,41.007,57,7,2,47,10,0,1,3.561,143,31
2026-03-19 16:41:20,124.68,mahzrunner,50.0,118.311,5,8,0,4.397,22,0,0,50,7,10,58,116,2,3,0,89.474,30.769,32.759,38,1,1,34,4,1,0,3.632,143,24
2026-03-24 19:06:22,119.22,mahzrunner,52.586,137.891,6,4,2,4.295,29,0,0,52.586,8,10,61,116,2,3,0,94.444,33.75,31.034,36,8,1,34,2,0,1,3.722,143,27
2026-04-30 15:50:01,118.67,mahzrunner,56.774,97.071,0,6,0,4.932,19,0,0,56.774,6,9,88,155,3,2,0,87.302,35.87,40.645,63,5,2,55,8,2,0,4.254,143,33
2026-05-10 14:32:43,121.231,mahzrunner,44.444,93.013,4,12,0,4.712,14,0,0,44.444,7,3,52,117,4,1,0,77.778,29.63,30.769,36,3,2,28,8,0,2,4.139,143,24
2026-01-05 18:59:48,12.662,liljakatsuragi,42.857,9.676,2,3,0,4.733,14,0,0,42.857,3,5,45,105,1,4,0,78.261,15.254,43.81,46,5,0,36,10,2,0,4.217,144,9
2026-01-11 17:19:26,11.013,liljakatsuragi,52.294,13.483,4,3,1,4.491,17,0,0,52.294,10,6,57,109,3,2,0,86.275,22.414,46.789,51,8,0,44,7,0,0,4.51,144,13
2026-01-18 13:47:44,11.013,liljakatsuragi,60.544,13.602,4,2,0,4.697,20,0,0,60.544,9,7,89,147,3,3,0,91.935,37.647,42.177,62,5,0,57,5,2,0,4.468,144,32
2026-03-14 16:32:17,111.77,liljakatsuragi,52.695,92.295,2,3,0,4.886,19,0,0,52.695,5,16,88,167,3,3,0,83.333,38.053,32.335,54,5,0,45,9,1,0,4.778,144,43
2026-04-18 14:09:24,108.47,liljakatsuragi,47.692,102.203,3,6,0,4.613,21,0,0,47.692,7,6,62,130,3,2,0,79.545,31.395,33.846,44,5,1,35,9,1,0,4.205,144,27
2026-01-11 17:19:26,16.233,Zozo,55.446,13.067,4,5,0,4.732,16,0,0,55.446,10,4,56,101,2,3,0,87.879,39.706,32.673,33,2,0,29,4,2,0,4.273,149,27
2026-01-18 13:47:44,16.233,Zozo,55.0,13.066,3,5,2,4.557,25,0,0,55,7,17,88,160,2,4,0,88.889,37.736,33.75,54,5,0,48,6,1,0,4.519,149,40
2026-02-17 22:57:01,115.1,Zozo,45.833,107.258,4,10,1,4.364,19,0,0,45.833,10,5,55,120,4,1,0,86.364,22.368,36.667,44,4,2,38,6,1,1,4.159,149,17
2026-03-13 15:56:00,113.86,Zozo,52.747,0.0,6,6,2,3.875,22,0,0,52.747,10,12,48,91,2,3,0,88.462,38.462,28.571,26,2,0,23,3,2,2,3.462,149,25
2026-03-19 16:41:20,119.09,Zozo,62.698,125.389,2,9,0,4.658,24,0,0,62.698,6,22,79,126,2,3,0,84.783,50,36.508,46,8,4,39,7,2,0,3.826,149,40
2026-03-21 23:58:10,118.57,Zozo,43.925,128.872,4,5,0,3.894,21,0,0,43.925,5,16,47,107,2,3,0,76.923,25,36.449,39,10,2,30,9,5,1,3.205,149,17
2026-03-24 19:06:22,110.154,Zozo,53.435,100.926,2,10,1,4.743,19,0,0,53.435,5,10,70,131,3,2,0,90,37.363,30.534,40,1,1,36,4,1,1,4.525,149,34
2026-03-29 18:09:19,110.832,Zozo,61.616,160.288,7,2,0,4.016,25,0,0,61.616,11,10,61,99,3,2,0,92.308,41.667,39.394,39,7,0,36,3,1,1,3.718,149,25
2026-04-30 15:50:01,114.58,Zozo,58.065,115.899,1,6,1,4.7,25,0,0,58.065,6,13,90,155,3,2,0,84.375,39.56,41.29,64,5,2,54,10,3,0,4.359,149,36
2026-05-17 19:20:26,115.44,Zozo,63.462,149.744,6,6,0,4.354,33,0,0,63.462,14,13,99,156,5,0,1,90.323,45.745,39.744,62,4,0,56,6,0,1,4.081,149,43
2026-01-05 18:59:48,14.401,Bommie,59.322,15.226,6,5,0,4.571,22,0,0,59.322,7,9,70,118,4,1,0,89.655,30,49.153,58,4,1,52,6,1,2,4.466,150,18
2026-01-09 22:25:54,13.403,Bommie,51.538,11.009,1,6,0,4.776,16,0,0,51.538,6,5,67,130,2,2,1,87.5,24.324,43.077,56,3,1,49,7,2,0,4.214,150,18
2026-01-11 17:19:26,13.403,Bommie,51.304,13.137,3,5,0,4.356,21,0,0,51.304,4,14,59,115,0,5,0,88.462,20.635,45.217,52,4,0,46,6,2,0,4.135,150,13
2026-01-18 13:47:44,13.403,Bommie,55.09,10.6,2,6,0,4.946,18,0,0,55.09,2,17,92,167,4,2,0,91.892,25.806,44.311,74,3,1,68,6,3,0,4.946,150,24
2026-01-26 16:08:49,13.403,Bommie,60.667,11.675,2,5,0,5.209,23,0,0,60.667,8,6,91,150,2,3,0,92.683,22.059,54.667,82,1,0,76,6,0,0,4.988,150,15
2026-02-09 14:05:22,13.633,Bommie,57.353,12.436,1,7,0,4.859,22,0,0,57.353,10,6,78,136,4,2,0,91.429,21.212,51.471,70,2,2,64,6,0,0,4.586,150,14
2026-02-16 14:25:39,13.593,Bommie,51.376,12.74,3,11,0,4.589,14,0,0,51.376,9,6,56,109,3,1,1,95.455,21.538,40.367,44,0,1,42,2,0,1,4.386,150,14
2026-02-17 22:57:01,116.806,Bommie,59.292,125.392,7,4,1,4.746,17,0,0,59.292,12,4,67,113,2,3,0,91.071,28.07,49.558,56,5,0,51,5,0,0,4.554,150,16
2026-02-23 13:34:06,117.275,Bommie,53.226,123.486,3,10,0,4.227,24,0,0,53.226,7,16,66,124,2,3,0,90.164,17.46,49.194,61,2,2,55,6,1,0,4.033,150,11
2026-03-01 17:03:20,115.753,Bommie,56.115,142.002,8,10,0,4.308,30,0,0,56.115,11,8,78,139,5,1,0,93.651,25,45.324,63,5,3,59,4,0,0,3.889,150,19
2026-03-14 16:32:17,120.421,Bommie,66.038,131.54,4,8,0,4.705,31,0,0,66.038,11,17,105,159,2,4,0,93.478,28.358,57.862,92,5,1,86,6,0,1,4.663,150,19
2026-03-21 23:58:10,119.357,Bommie,50.485,108.837,2,5,0,4.442,16,0,0,50.485,8,4,52,103,2,3,0,100,19.048,38.835,40,3,0,40,0,0,0,4.45,150,12
2026-03-24 19:06:22,117.325,Bommie,52.893,101.545,0,10,0,4.672,18,0,0,52.893,6,8,64,121,2,3,0,95.833,24.658,39.669,48,3,1,46,2,0,0,4.604,150,18
2026-03-29 18:09:19,117.274,Bommie,58.197,122.534,3,3,1,4.282,25,0,0,58.197,6,12,71,122,3,2,0,94.34,30.435,43.443,53,4,1,50,3,0,1,4.094,150,21
2026-04-07 13:45:30,119.746,Bommie,61.677,136.923,4,7,0,4.311,35,0,0,61.677,10,15,103,167,2,3,1,94.737,34.066,45.509,76,5,0,72,4,0,0,4.25,150,31
2026-04-14 12:21:10,119.965,Bommie,52.137,106.336,1,4,0,4.639,16,0,0,52.137,6,6,61,117,0,5,0,93.75,23.188,41.026,48,3,0,45,3,2,0,4.292,150,16
2026-04-18 14:09:24,115.247,Bommie,51.376,118.063,3,5,0,4.464,22,0,0,51.376,6,11,56,109,2,3,0,87.755,21.667,44.954,49,1,1,43,6,3,0,4.041,150,13
2026-04-28 18:07:21,114.22,Bommie,54.198,110.253,1,7,0,4.507,26,0,0,54.198,7,11,71,131,4,2,0,90.909,27.632,41.985,55,5,1,50,5,2,0,4.145,150,21
2026-04-30 15:50:01,114.049,Bommie,60.784,98.238,0,8,1,5.065,18,0,0,60.784,5,8,93,153,2,3,0,95.714,31.325,45.752,70,1,1,67,3,0,0,4.886,150,26
2026-05-10 14:32:43,113.252,Bommie,48.872,91.368,4,15,0,4.923,15,0,0,48.872,7,10,65,133,0,5,0,92.453,20,39.85,53,6,1,49,4,1,0,4.566,150,16
2026-05-17 11:44:12,109.032,Bommie,56.774,117.925,3,8,0,4.477,27,0,0,56.774,6,15,88,155,3,3,0,89.157,19.444,53.548,83,3,2,74,9,2,0,4.108,150,14
2026-05-17 19:20:26,107.38,Bommie,57.803,108.625,3,8,0,4.83,24,0,0,57.803,8,12,100,173,3,2,1,87.654,31.522,46.821,81,2,3,71,10,2,1,4.432,150,29
2026-01-09 22:25:54,6.9,Unborned,25.385,5.589,1,6,3,4.909,10,0,0,25.385,3,2,33,130,2,2,1,62.5,8.889,30.769,40,5,2,25,15,0,0,4.425,155,8
2026-02-17 22:57:01,74.88,Unborned,25.899,44.149,1,8,0,5.056,9,0,0,25.899,3,3,36,139,4,1,0,80.645,10.185,22.302,31,0,1,25,6,1,1,4.323,155,11
2026-01-05 18:59:48,12.7,Zental,57.447,18.686,8,2,0,4.037,19,0,0,57.447,12,7,54,94,2,3,0,100,34.426,35.106,33,7,0,33,0,0,1,3.697,156,21
2026-04-18 14:09:24,131.14,Zental,60.0,150.377,3,5,0,4.179,34,0,0,60,6,24,84,140,2,3,0,83.019,45.977,37.857,53,4,3,44,9,3,1,3.17,156,40
2026-01-11 17:19:26,8.985,legrandort,41.322,6.276,1,8,0,5.4,8,0,0,41.322,4,2,50,121,1,4,0,94.286,19.767,28.926,35,4,1,33,2,1,0,5.114,159,17
2026-02-13 15:17:16,10.596,legrandort,43.03,5.99,0,15,0,5.648,8,0,0,43.03,3,3,71,165,3,3,0,87.755,24.138,29.697,49,3,3,43,6,0,0,5.367,159,28
2026-02-23 13:34:06,89.18,legrandort,35.088,71.67,2,8,2,4.625,13,0,0,35.088,6,4,40,114,2,3,0,96.552,14.118,25.439,29,4,1,28,1,0,0,4.517,159,12
2026-02-27 17:49:06,88.89,legrandort,33.333,52.901,0,6,0,5.108,7,0,0,33.333,5,2,37,111,3,2,0,88.889,15.476,24.324,27,2,0,24,3,1,0,4.556,159,13
2026-03-18 15:43:11,88.11,legrandort,36.296,64.624,4,6,0,4.857,11,0,0,36.296,5,5,49,135,3,3,0,94.286,16,25.926,35,5,0,33,2,0,0,4.486,159,16
2026-01-05 18:59:48,10.0,Skychael,28.571,8.498,1,4,2,4.281,13,0,0,28.571,5,6,32,112,4,1,0,80,17.391,17.857,20,8,1,16,4,1,0,3.55,160,16
2026-05-10 14:32:43,89.23,Skychael,35.043,85.99,5,12,1,4.512,13,0,0,35.043,8,6,41,117,4,1,0,64.865,21.25,31.624,37,9,6,24,13,1,0,2.838,160,17
2026-01-09 22:25:54,8.632,IAmAsianNoob,35.398,4.093,0,6,2,5.925,5,0,0,35.398,1,2,40,113,1,4,0,88,20.455,22.124,25,4,1,22,3,0,0,5.72,164,18
2026-02-17 22:57:01,74.78,IAmAsianNoob,30.973,30.381,0,4,0,5.829,3,0,0,30.973,1,0,35,113,2,3,0,52.632,26.596,16.814,19,0,0,10,9,0,0,4.263,164,25
2026-03-14 16:32:17,69.28,IAmAsianNoob,37.107,37.431,0,8,2,5.746,8,0,0,37.107,4,1,59,159,2,4,0,85,21.008,25.157,40,1,1,34,6,1,0,5.275,164,25
2026-03-29 18:09:19,74.88,IAmAsianNoob,33.571,43.526,1,8,1,5.17,4,0,0,33.571,2,0,47,140,3,2,0,93.103,18.018,20.714,29,1,0,27,2,0,0,5.069,164,20
2026-05-10 14:32:43,76.13,IAmAsianNoob,30.769,39.722,2,12,0,5.528,2,0,0,30.769,3,1,36,117,4,1,0,88.462,14.286,22.222,26,0,0,23,3,1,0,5.0,164,13
2026-05-17 11:44:12,76.43,IAmAsianNoob,30.719,39.096,1,14,0,5.553,7,0,0,30.719,1,4,47,153,2,4,0,77.5,14.159,26.144,40,2,2,31,9,1,0,4.8,164,16
2026-02-13 15:17:16,9.0,hubcioskubcio,21.622,2.716,1,6,4,6.0,3,0,0,21.622,2,0,32,148,3,3,0,71.875,7.759,21.622,32,4,0,23,9,1,0,5.219,170,9
2026-03-24 19:06:22,64.02,hubcioskubcio,20.69,14.503,0,4,3,6.333,2,0,0,20.69,0,1,24,116,2,3,0,90,6.25,17.241,20,1,0,18,2,0,0,6.2,170,6
2026-01-05 18:59:48,9.476,JustAWeirdo,35.593,5.99,0,5,3,5.19,7,0,0,35.593,0,3,42,118,4,1,0,85.714,24.742,17.797,21,0,0,18,3,0,0,4.762,171,24
2026-01-09 22:25:54,8.691,JustAWeirdo,28.455,4.344,1,7,1,5.857,6,0,0,28.455,2,3,35,123,2,3,0,65,21.359,16.26,20,1,0,13,7,1,1,4.75,171,22
2026-02-03 14:14:42,9.477,JustAWeirdo,25.532,5.133,3,9,4,5.444,7,0,0,25.532,3,1,36,141,3,3,0,88,12.069,17.73,25,3,0,22,3,0,0,5.08,171,14
2026-02-09 14:05:22,9.412,JustAWeirdo,34.188,7.207,1,4,0,4.975,11,0,0,34.188,4,6,40,117,3,3,0,88.462,18.681,22.222,26,3,0,23,3,0,0,4.538,171,17
2026-02-13 15:17:16,9.693,JustAWeirdo,37.162,8.246,4,6,2,5.091,13,0,0,37.162,8,5,55,148,3,3,0,97.143,18.584,23.649,35,10,0,34,1,0,0,4.686,171,21
2026-02-16 14:25:39,10.035,JustAWeirdo,26.606,4.286,0,4,2,5.448,5,0,0,26.606,1,2,29,109,1,4,0,72.222,17.582,16.514,18,0,1,13,5,1,0,4.444,171,16
2026-02-17 22:57:01,77.714,JustAWeirdo,35.833,64.822,2,10,2,4.907,8,0,0,35.833,3,5,43,120,4,1,0,92.308,20.213,21.667,26,1,1,24,2,0,1,5.0,171,19
2026-02-23 13:34:06,82.515,JustAWeirdo,32.0,49.535,1,11,0,5.075,9,0,0,32,2,1,40,125,3,2,0,74.074,20.408,21.6,27,4,2,20,7,1,1,4.037,171,20
2026-02-27 17:49:06,83.121,JustAWeirdo,20.968,31.045,0,8,1,5.692,7,0,0,20.968,1,3,26,124,0,5,0,72,8.081,20.161,25,4,2,18,7,0,0,4.68,171,8
2026-03-01 17:03:20,77.318,JustAWeirdo,33.094,71.72,4,10,0,4.891,16,0,0,33.094,8,3,46,139,5,1,0,83.333,15.534,25.899,36,6,1,30,6,1,0,4.278,171,16
2026-03-14 16:32:17,79.734,JustAWeirdo,39.062,70.642,4,6,1,5.14,11,0,0,39.062,9,2,50,128,5,1,0,91.667,26.923,18.75,24,5,1,22,2,0,0,4.083,171,28
2026-03-19 16:41:20,84.119,JustAWeirdo,38.406,68.148,2,11,1,5.057,14,0,0,38.406,6,5,53,138,2,3,0,93.75,21.698,23.188,32,7,0,30,2,0,0,4.281,171,23
2026-03-21 23:58:10,86.607,JustAWeirdo,31.034,53.728,3,1,0,5.222,4,0,0,31.034,3,1,27,87,4,1,0,87.5,18.31,18.391,16,5,1,14,2,1,0,4.562,171,13
2026-03-29 18:09:19,89.61,JustAWeirdo,33.607,73.444,4,3,1,4.488,14,0,0,33.607,9,1,41,122,3,2,0,80.952,23.762,17.213,21,5,1,17,4,1,1,3.429,171,24
2026-04-07 13:45:30,91.932,JustAWeirdo,31.655,64.753,1,10,1,4.636,15,0,0,31.655,3,8,44,139,2,3,1,80.769,20.354,18.705,26,7,1,21,5,1,0,3.923,171,23
2026-04-09 15:36:48,89.487,JustAWeirdo,33.588,53.046,1,6,1,5.227,10,0,0,33.588,5,3,44,131,2,3,1,89.655,17.647,22.137,29,5,1,26,3,0,0,4.793,171,18
2026-04-14 12:21:10,90.464,JustAWeirdo,24.719,45.359,1,4,1,4.955,4,0,0,24.719,3,0,22,89,3,2,0,70,11.594,22.472,20,5,2,14,6,1,0,3.8,171,8
2026-04-18 14:09:24,89.817,JustAWeirdo,34.921,56.466,3,9,2,5.295,8,0,0,34.921,3,1,44,126,2,3,0,92.857,18.367,22.222,28,5,1,26,2,1,1,4.821,171,18
2026-04-30 15:50:01,89.842,JustAWeirdo,33.929,68.056,2,2,0,4.868,10,0,0,33.929,3,5,38,112,3,2,0,100,16.854,20.536,23,7,0,23,0,0,0,4.826,171,15
2026-05-10 14:32:43,92.252,JustAWeirdo,31.875,54.242,2,8,2,5.118,9,0,0,31.875,5,4,51,160,2,3,0,76.316,18.033,23.75,38,6,1,29,9,2,0,4.342,171,22
2026-05-17 19:20:26,91.275,JustAWeirdo,27.742,34.972,1,9,1,5.605,6,0,0,27.742,2,1,43,155,2,4,0,85.185,15.625,17.419,27,2,0,23,4,0,0,5.111,171,20
2026-02-03 14:14:42,10.5,oolli,30.323,5.331,1,8,3,5.404,8,0,0,30.323,3,3,47,155,4,2,0,69.231,2.222,41.935,65,3,2,45,20,4,0,4.646,172,2
2026-02-16 14:25:39,9.803,oolli,35.78,8.245,2,11,1,4.744,9,0,0,35.78,8,1,39,109,3,1,1,85.366,5.882,37.615,41,1,1,35,6,1,0,4.341,172,4
2026-02-23 13:34:06,84.29,oolli,38.4,80.784,2,11,0,4.604,17,0,0,38.4,5,5,48,125,3,2,0,67.857,14.493,44.8,56,5,2,38,18,2,0,3.893,172,10
2026-02-27 17:49:06,87.54,oolli,34.579,79.331,1,6,1,4.486,13,0,0,34.579,5,3,37,107,4,1,0,71.429,3.448,45.794,49,2,1,35,14,3,0,4.02,172,2
2026-03-21 23:58:10,90.32,oolli,41.0,88.623,2,3,0,4.488,14,0,0,41,6,1,41,100,1,4,0,84.091,7.143,44,44,6,0,37,7,2,0,4.159,172,4
2026-04-07 13:45:30,92.81,oolli,32.237,66.778,3,11,1,4.531,13,0,0,32.237,8,3,49,152,1,5,0,61.194,9.412,44.079,67,8,5,41,26,5,0,3.582,172,8
2026-04-18 14:09:24,94.617,oolli,38.095,74.3,2,9,1,4.958,13,0,0,38.095,4,7,48,126,2,3,0,70.492,7.692,48.413,61,5,3,43,18,4,0,4.279,172,5
2026-05-10 14:32:43,93.12,oolli,33.125,42.706,0,8,0,5.396,7,0,0,33.125,1,2,53,160,2,3,0,68.75,9.375,40,64,2,1,44,20,3,0,4.438,172,9
2026-05-17 11:44:12,90.091,oolli,35.484,65.637,2,8,2,4.727,15,0,0,35.484,4,5,55,155,3,3,0,70.423,5.952,45.806,71,4,2,50,21,4,0,4.155,172,5
2026-02-17 22:57:01,75.0,TateyamaAyano,28.226,66.481,4,13,3,4.457,10,0,0,28.226,4,5,35,124,1,4,0,60.976,12.048,33.065,41,8,4,25,16,5,0,3.366,174,10
2026-05-17 11:44:12,85.28,TateyamaAyano,28.333,53.352,2,8,0,4.647,7,0,0,28.333,3,2,34,120,1,5,0,71.053,8.537,31.667,38,3,4,27,11,3,0,3.526,174,7
2026-01-05 18:59:48,9.503,Spitzell,41.379,9.142,1,6,0,4.646,14,0,0,41.379,4,5,48,116,3,2,0,88.235,21.951,29.31,34,5,0,30,4,1,0,4.265,176,18
2026-01-09 22:25:54,10.076,Spitzell,44.628,8.475,1,1,0,5.037,14,0,0,44.628,1,3,54,121,3,2,0,85,24.691,33.058,40,3,0,34,6,2,0,4.475,176,20
2026-01-11 17:19:26,10.076,Spitzell,43.75,6.83,1,11,0,5.238,9,0,0,43.75,1,6,63,144,4,1,0,85.106,23.711,32.639,47,3,2,40,7,0,0,4.638,176,23
2026-01-26 16:08:49,10.076,Spitzell,45.133,7.809,0,4,0,5.176,10,0,0,45.133,3,4,51,113,3,2,0,87.5,28.395,28.319,32,2,1,28,4,1,0,4.812,176,23
2026-02-03 14:14:42,11.027,Spitzell,47.917,10.082,3,11,2,5.232,17,0,0,47.917,7,5,69,144,2,4,0,91.228,19.54,39.583,57,5,0,52,5,3,0,5.088,176,17
2026-04-30 15:50:01,91.16,Spitzell,48.387,76.59,2,6,1,5.133,11,0,0,48.387,4,6,75,155,3,2,0,86.275,29.808,32.903,51,7,1,44,7,0,0,4.549,176,31
2026-05-17 11:44:12,97.245,Spitzell,46.97,101.18,3,6,0,4.532,20,0,0,46.97,6,9,62,132,6,0,0,85.714,28.889,31.818,42,2,2,36,6,0,1,4.214,176,26
2026-03-21 23:58:10,90.0,redeyes,47.0,102.589,0,6,0,4.426,19,0,0,47,10,5,47,100,4,1,0,79.63,8.696,54,54,4,3,43,11,1,0,3.981,191,4
2026-01-11 17:19:26,11.6,rorf,42.056,7.987,2,8,0,5.0,10,0,0,42.056,4,3,45,107,3,2,0,77.778,30,25.234,27,6,1,21,6,2,1,3.852,201,24
2026-01-05 18:59:48,14.918,mekoKicco,53.39,13.729,4,5,1,4.587,22,0,0,53.39,5,10,63,118,4,1,0,81.579,40,32.203,38,1,0,31,7,2,2,3.921,202,32
2026-02-09 14:05:22,12.0,sssthnoob,46.457,11.507,5,4,0,4.695,18,0,0,46.457,8,7,59,127,3,3,0,80,11.29,51.181,65,8,2,52,13,4,0,4.062,205,7
2026-02-27 17:49:06,110.99,sssthnoob,45.946,96.887,3,6,0,4.667,13,0,0,45.946,8,3,51,111,3,2,0,79.167,20.635,43.243,48,6,0,38,10,5,0,3.854,205,13
2026-03-13 15:56:00,108.64,sssthnoob,46.97,0.0,4,4,0,4.79,17,0,0,46.97,11,5,62,132,4,1,0,76.471,15.625,51.515,68,6,0,52,16,1,0,4.324,205,10
2026-03-24 19:06:22,110.12,sssthnoob,45.098,77.644,3,11,1,5.0,10,0,0,45.098,4,3,46,102,0,5,0,77.778,19.298,44.118,45,3,4,35,10,3,0,4.289,205,11
2026-03-29 18:09:19,106.33,sssthnoob,39.496,76.217,4,9,1,4.702,12,0,0,39.496,7,10,47,119,1,4,0,80.851,12.5,39.496,47,4,1,38,9,2,0,4.085,205,9
2026-01-09 22:25:54,14.652,ShelterRin,45.522,11.109,1,8,0,4.557,22,0,0,45.522,3,10,61,134,3,2,0,79.07,29.67,32.09,43,0,4,34,9,1,1,3.744,217,27
2026-03-21 23:58:10,94.15,ShelterRin,59.0,132.572,2,6,1,4.356,22,0,0,59,13,2,59,100,4,1,0,88,49.333,25,25,3,1,22,3,1,0,3.64,217,37
2026-05-19 16:16:06,115.0,Bofu,61.006,145.489,8,10,1,4.412,31,0,0,61.006,11,16,97,159,5,1,0,94.231,44.86,32.704,52,6,0,49,3,1,3,3.904,220,48
2026-03-13 15:56:00,80.0,MythAndroid,17.391,0.0,1,7,0,5.062,4,0,0,17.391,2,0,16,92,3,2,0,41.667,1.786,39.13,36,6,2,15,21,2,0,3.667,225,1
2026-03-24 19:06:22,67.07,MythAndroid,22.314,36.034,0,10,3,5.296,7,0,0,22.314,4,2,27,121,2,3,0,47.273,1.515,45.455,55,5,4,26,29,1,0,4.291,225,1
2026-01-11 17:19:26,11.0,Progenitor,43.925,9.329,2,8,0,4.894,12,0,0,43.925,8,2,47,107,3,2,0,75.676,27.143,34.579,37,3,3,28,9,1,0,3.892,238,19
2026-03-21 23:58:10,105.14,Progenitor,46.392,106.364,3,4,0,4.422,18,0,0,46.392,5,10,45,97,2,3,0,84.848,26.562,34.021,33,5,1,28,5,0,0,3.727,238,17
2026-03-24 19:06:22,102.73,Progenitor,40.659,93.571,3,5,0,4.622,14,0,0,40.659,9,2,37,91,5,0,0,96.774,11.667,34.066,31,5,0,30,1,0,0,4.71,238,7
2026-04-09 15:36:48,104.35,Progenitor,49.324,114.002,5,5,0,4.37,25,0,0,49.324,15,4,73,148,2,3,1,81.633,33.333,33.108,49,8,2,40,9,1,1,3.592,238,33
2026-02-17 22:57:01,70.0,yonyon,16.0,18.771,0,10,6,5.583,3,0,0,16,3,2,24,150,3,2,0,55.556,3.509,24,36,2,1,20,16,0,0,4.917,239,4
2026-01-26 16:08:49,12.904,KNotAnyMore,44.118,7.572,0,5,0,5.383,14,0,0,44.118,4,7,60,136,0,5,0,84.906,18.072,38.971,53,0,1,45,8,1,0,5.075,244,15
2026-03-13 15:56:00,90.44,KNotAnyMore,55.556,0.0,3,5,0,4.785,18,0,0,55.556,9,2,65,117,3,2,0,93.878,27.941,41.88,49,3,0,46,3,2,2,4.592,244,19
2026-03-18 15:43:11,104.41,KNotAnyMore,45.113,97.416,2,7,0,4.333,23,0,0,45.113,7,11,60,133,2,4,0,79.592,25,36.842,49,1,1,39,10,2,1,4.041,244,21
2026-04-09 15:36:48,104.69,KNotAnyMore,41.732,82.466,2,9,3,4.792,17,0,0,41.732,7,7,53,127,3,3,0,73.077,20,40.945,52,3,2,38,14,3,0,4.154,244,15
2026-01-05 18:59:48,12.991,Shadow,44.762,9.877,2,3,0,4.723,14,0,0,44.762,3,2,47,105,1,4,0,86.486,22.059,35.238,37,3,0,32,5,4,0,3.946,247,15
2026-01-09 22:25:54,11.893,Shadow,48.673,8.604,1,6,1,5.309,11,0,0,48.673,4,7,55,113,1,4,0,88.571,30.769,30.973,35,6,1,31,4,0,0,4.543,247,24
2026-01-11 17:19:26,11.893,Shadow,55.046,12.116,2,3,0,4.683,14,0,0,55.046,8,6,60,109,3,2,0,77.083,37.705,44.037,48,6,3,37,11,0,1,4.104,247,23
2026-01-18 13:47:44,11.893,Shadow,48.299,9.693,4,2,1,4.972,12,0,0,48.299,8,2,71,147,3,3,0,83.636,27.174,37.415,55,5,0,46,9,2,0,4.418,247,25
2026-01-26 16:08:49,11.893,Shadow,49.333,8.289,0,5,2,5.419,17,0,0,49.333,4,6,74,150,2,3,0,81.818,23.81,44,66,4,1,54,12,3,0,4.697,247,20
2026-02-03 14:14:42,12.269,Shadow,47.518,12.368,4,9,1,4.776,20,0,0,47.518,7,12,67,141,3,3,0,89.13,27.368,32.624,46,1,1,41,5,0,2,4.413,247,26
2026-02-09 14:05:22,11.363,Shadow,52.206,13.281,3,7,2,4.648,24,0,0,52.206,13,9,71,136,4,2,0,91.837,29.885,36.029,49,4,0,45,4,1,0,3.939,247,26
2026-02-13 15:17:16,12.102,Shadow,50.588,11.379,2,11,2,4.907,24,0,0,50.588,11,8,86,170,4,2,0,76.119,33.981,39.412,67,7,3,51,16,2,0,4.284,247,35
2026-02-17 22:57:01,104.705,Shadow,55.752,118.067,4,4,0,4.714,17,0,0,55.752,9,9,63,113,2,3,0,90.566,25,46.903,53,7,0,48,5,1,0,4.302,247,15
2026-02-23 13:34:06,105.702,Shadow,49.123,98.97,2,8,0,4.536,19,0,0,49.123,8,4,56,114,2,3,0,81.818,28.571,38.596,44,4,1,36,8,0,1,3.977,247,20
2026-02-27 17:49:06,104.761,Shadow,39.516,78.548,2,8,0,4.918,13,0,0,39.516,4,6,49,124,0,5,0,83.784,20.69,29.839,37,4,1,31,6,0,0,4.541,247,18
2026-03-01 17:03:20,100.479,Shadow,40.157,92.279,2,8,2,4.471,19,0,0,40.157,9,10,51,127,2,4,0,76.471,15.789,40.157,51,4,2,39,12,4,1,3.686,247,12
2026-03-13 15:56:00,99.915,Shadow,54.701,0.0,0,5,0,4.906,18,0,0,54.701,6,4,64,117,3,2,0,89.13,32.394,39.316,46,0,0,41,5,2,0,4.717,247,23
2026-03-14 16:32:17,101.725,Shadow,48.428,86.44,4,8,0,5.065,20,0,0,48.428,10,6,77,159,2,4,0,84.375,24.211,40.252,64,8,4,54,10,0,1,4.125,247,23
2026-03-18 15:43:11,101.402,Shadow,51.969,122.981,6,5,0,4.182,23,0,0,51.969,9,13,66,127,3,3,0,88.889,24.658,42.52,54,10,1,48,6,3,0,3.444,247,18
2026-03-21 23:58:10,104.086,Shadow,39.806,75.021,1,5,0,4.756,10,0,0,39.806,5,3,41,103,2,3,0,65.625,28.169,31.068,32,3,3,21,11,3,0,3.438,247,20
2026-03-24 19:06:22,101.622,Shadow,45.098,64.794,1,11,0,5.174,8,0,0,45.098,2,2,46,102,0,5,0,70.732,27.869,40.196,41,5,5,29,12,6,0,3.61,247,17
2026-03-29 18:09:19,95.874,Shadow,54.545,125.83,4,2,0,4.241,21,0,0,54.545,10,5,54,99,3,2,0,91.176,35.385,34.343,34,6,0,31,3,0,0,3.529,247,23
2026-04-07 13:45:30,97.505,Shadow,37.41,75.137,2,10,2,4.577,13,0,0,37.41,4,7,52,139,2,3,1,69.565,21.505,33.094,46,5,2,32,14,7,1,3.609,247,20
2026-04-09 15:36:48,95.068,Shadow,48.031,87.56,3,9,0,4.934,15,0,0,48.031,7,2,61,127,3,3,0,83.333,21.918,42.52,54,3,2,45,9,2,0,4.241,247,16
2026-04-14 12:21:10,94.89,Shadow,42.857,91.047,2,6,0,4.614,15,0,0,42.857,6,5,57,133,2,3,0,82.353,18.293,38.346,51,4,2,42,9,2,0,3.902,247,15
2026-04-18 14:09:24,95.663,Shadow,38.532,77.363,2,5,0,4.833,12,0,0,38.532,4,4,42,109,2,3,0,69.048,19.403,38.532,42,2,2,29,13,8,1,3.571,247,13
2026-04-28 18:07:21,94.116,Shadow,44.068,85.697,4,3,0,4.827,13,0,0,44.068,11,1,52,118,4,2,0,76.471,19.403,43.22,51,8,2,39,12,1,0,3.98,247,13
2026-04-30 15:50:01,96.085,Shadow,37.5,59.109,0,4,1,5.089,9,0,0,37.5,0,4,45,120,1,4,0,79.412,20.93,28.333,34,1,1,27,7,2,0,4.353,247,18
2026-05-10 14:32:43,91.96,Shadow,34.0,72.359,1,6,0,4.412,11,0,0,34,3,6,34,100,4,1,0,75,18.056,28,28,6,3,21,7,1,0,3.536,247,13
2026-05-17 11:44:12,90.604,Shadow,40.909,89.027,5,6,0,4.667,15,0,0,40.909,8,5,54,132,6,0,0,82.222,19.54,34.091,45,9,1,37,8,1,0,3.822,247,17
2026-05-17 19:20:26,94.335,Shadow,43.511,71.988,3,6,0,5.316,10,0,0,43.511,3,6,57,131,1,4,0,70,27.16,38.168,50,4,2,35,15,8,2,4.3,247,22
2026-01-05 18:59:48,9.432,Patoche49,28.571,9.223,3,6,1,4.115,11,0,0,28.571,4,5,26,91,1,4,0,100,9.722,20.879,19,6,0,19,0,0,1,3.842,259,7
2026-01-26 16:08:49,9.503,Patoche49,43.478,5.939,1,4,2,5.683,6,0,0,43.478,3,2,60,138,4,1,0,89.362,19.78,34.058,47,2,1,42,5,1,0,5.383,259,18
2026-02-03 14:14:42,10.807,Patoche49,36.17,6.226,1,9,1,5.431,6,0,0,36.17,2,4,51,141,3,3,0,87.805,15,29.078,41,4,1,36,5,0,0,4.878,259,15
2026-02-13 15:17:16,10.623,Patoche49,44.706,7.768,0,11,0,5.316,14,0,0,44.706,9,2,76,170,4,2,0,90.741,23.276,31.765,54,5,1,49,5,0,0,5.13,259,27
2026-02-16 14:25:39,10.808,Patoche49,34.307,6.62,0,10,1,5.064,10,0,0,34.307,2,8,47,137,2,3,0,90.909,23.478,16.058,22,1,0,20,2,0,0,4.545,259,27
2026-02-17 22:57:01,87.63,Patoche49,28.049,43.55,0,3,0,4.87,5,0,0,28.049,0,2,23,82,1,4,0,89.474,9.524,23.171,19,3,0,17,2,2,0,4.421,259,6
2026-02-23 13:34:06,83.335,Patoche49,37.097,66.899,1,10,0,4.739,11,0,0,37.097,4,7,46,124,2,3,0,93.939,16.484,26.613,33,0,0,31,2,0,1,4.667,259,15
2026-03-13 15:56:00,82.934,Patoche49,38.636,0.0,1,4,1,5.588,7,0,0,38.636,4,1,51,132,4,1,0,94.286,18.557,26.515,35,2,0,33,2,0,0,5.429,259,18
2026-03-29 18:09:19,85.26,Patoche49,44.33,69.675,2,3,2,4.977,7,0,0,44.33,4,2,43,97,2,3,0,96.552,22.059,29.897,29,2,1,28,1,0,0,4.621,259,15
2026-04-09 15:36:48,85.674,Patoche49,36.301,47.394,1,8,0,5.491,6,0,0,36.301,5,2,53,146,4,2,0,82.927,18.095,28.082,41,2,1,34,7,2,0,4.732,259,19
2026-02-16 14:25:39,15.5,civiltwlight,45.192,16.885,8,5,0,3.894,19,0,0,45.192,11,6,47,104,2,3,0,86.957,33.333,22.115,23,5,1,20,3,0,3,2.957,268,27
2026-02-23 13:34:06,123.65,civiltwlight,42.982,113.801,4,15,0,3.837,22,0,0,42.982,10,6,49,114,1,4,0,75,34.444,21.053,24,9,4,18,6,0,0,2.667,268,31
2026-02-27 17:49:06,117.85,civiltwlight,51.111,147.491,6,7,0,4.174,20,0,0,51.111,11,3,46,90,4,1,0,78.125,36.207,35.556,32,10,1,25,7,2,0,3.0,268,21
2026-03-13 15:56:00,119.49,civiltwlight,47.826,0.0,5,7,0,3.977,17,0,0,47.826,10,7,44,92,3,2,0,66.667,41.176,26.087,24,7,4,16,8,1,1,2.375,268,28
2026-01-26 16:08:49,13.5,Mami,48.673,13.396,6,4,1,4.582,17,0,0,48.673,10,4,55,113,3,2,0,79.167,40.449,21.239,24,7,2,19,5,1,1,3.542,274,36
2026-01-26 16:08:49,10.637,chemist,42.241,9.384,4,2,1,5.02,12,0,0,42.241,7,3,49,116,1,4,0,85,33.333,17.241,20,8,0,17,3,1,0,3.65,277,32
2026-03-29 18:09:19,99.84,chemist,39.286,76.712,2,8,1,4.582,16,0,0,39.286,8,6,55,140,3,2,0,90.476,30.252,15,21,3,1,19,2,0,0,4.0,277,36
2026-04-18 14:09:24,101.45,chemist,39.286,80.565,3,5,0,4.691,13,0,0,39.286,6,6,55,140,2,3,0,80,30.435,17.857,25,3,1,20,5,2,0,3.72,277,35
2026-01-11 17:19:26,11.441,miiarad,51.402,10.468,3,8,0,4.873,14,0,0,51.402,7,4,55,107,3,2,0,93.333,35.065,28.037,30,4,2,28,2,0,0,4.567,285,27
2026-02-27 17:49:06,105.97,miiarad,48.387,105.172,2,6,0,4.617,21,0,0,48.387,5,13,60,124,2,3,0,96.875,31.522,25.806,32,5,0,31,1,1,0,4.219,285,29
2026-04-18 14:09:24,104.53,miiarad,50.794,87.326,1,9,0,4.984,14,0,0,50.794,4,4,64,126,2,3,0,82.857,38.462,27.778,35,3,2,29,6,1,1,4.286,285,35
2026-01-11 17:19:26,11.1,Lakumix,56.14,18.825,8,7,1,3.828,29,0,0,56.14,14,10,64,114,4,1,0,95,35.135,35.088,40,15,2,38,2,0,0,3.225,286,26
2026-02-17 22:57:01,138.03,Lakumix,47.561,132.449,4,3,0,3.897,15,0,0,47.561,5,8,39,82,1,4,0,100,33.846,20.732,17,4,0,17,0,0,0,2.706,286,22
2026-01-09 22:25:54,12.442,Provenance,36.434,10.55,6,9,0,4.532,13,0,0,36.434,7,7,47,129,3,1,1,94.118,15.789,26.357,34,6,0,32,2,1,0,3.941,289,15
2026-02-17 22:57:01,100.51,Provenance,41.129,86.186,2,13,0,4.471,15,0,0,41.129,4,8,51,124,1,4,0,88.462,28.571,20.968,26,2,1,23,3,2,0,3.692,289,28
2026-03-21 23:58:10,96.52,Provenance,32.71,70.091,1,5,0,4.514,11,0,0,32.71,3,6,35,107,2,3,0,90.909,17.647,20.561,22,4,0,20,2,0,0,4.0,289,15
2026-01-11 17:19:26,12.067,ss_r_white_pony,41.228,9.52,4,7,0,4.681,13,0,0,41.228,4,4,47,114,4,1,0,100,28.723,17.544,20,4,0,20,0,0,2,4.6,291,27
2026-01-26 16:08:49,12.067,ss_r_white_pony,51.938,11.772,5,6,0,4.836,18,0,0,51.938,8,8,67,129,5,0,0,94.737,34.066,29.457,38,3,0,36,2,0,1,4.579,291,31
2026-03-13 15:56:00,107.08,ss_r_white_pony,46.667,0.0,5,6,0,3.976,20,0,0,46.667,9,5,42,90,2,3,0,93.103,24.59,32.222,29,7,1,27,2,1,0,3.379,291,15
2026-03-21 23:58:10,107.27,ss_r_white_pony,54.023,143.308,4,1,0,4.17,18,0,0,54.023,8,8,47,87,4,1,0,100,33.333,31.034,27,6,0,27,0,0,0,3.593,291,20
2026-03-24 19:06:22,108.88,ss_r_white_pony,47.414,111.232,5,4,1,4.6,21,0,0,47.414,6,9,55,116,2,3,0,91.176,29.268,29.31,34,5,1,31,3,1,1,3.618,291,24
2026-04-14 12:21:10,80.0,FeyFey,30.769,50.43,1,4,0,5.167,7,0,0,30.769,1,7,36,117,0,5,0,50.98,15.152,43.59,51,6,3,26,25,3,0,3.961,292,10
2026-05-17 19:20:26,90.0,HakuiKoyori,34.194,65.836,2,9,6,4.849,12,0,0,34.194,5,3,53,155,2,4,0,61.667,16.842,38.71,60,7,3,37,23,4,0,3.883,316,16
2026-01-09 22:25:54,6.9,Hyo,22.759,6.05,1,10,7,4.242,11,0,0,22.759,4,2,33,145,2,3,0,56.757,11.111,25.517,37,5,0,21,16,0,0,4.324,317,12
2026-01-05 18:59:48,18.25,Nephirea,66.071,21.288,7,4,0,3.932,33,0,0,66.071,16,13,74,112,4,1,0,100,49.333,33.036,37,6,0,37,0,0,2,3.946,318,37
2026-01-09 22:25:54,16.097,Nephirea,62.602,17.451,4,7,0,4.455,31,0,0,62.602,8,22,77,123,2,3,0,100,42.5,34.959,43,5,0,43,0,0,1,4.209,318,34
2026-01-26 16:08:49,16.097,Nephirea,73.188,18.906,5,4,0,4.634,33,0,0,73.188,10,20,101,138,4,1,0,97.917,60,34.783,48,5,0,47,1,1,2,4.688,318,54
2026-04-14 12:21:10,134.66,Nephirea,49.02,112.362,2,4,0,4.4,15,0,0,49.02,4,10,50,102,1,4,0,96,33.766,24.51,25,3,0,24,1,0,0,3.8,318,26
2026-05-17 11:44:12,126.89,Nephirea,60.131,130.084,4,14,0,4.5,30,0,0,60.131,8,20,92,153,2,4,0,94.34,42,34.641,53,7,2,50,3,0,0,4.038,318,42
2026-05-17 19:20:26,125.04,Nephirea,58.125,103.983,1,7,0,4.935,24,0,0,58.125,3,15,93,160,1,5,0,94.737,37.864,35.625,57,4,1,54,3,1,0,4.684,318,39
2026-01-11 17:19:26,9.727,Catge,36.8,4.718,0,5,0,5.609,7,0,0,36.8,2,2,46,125,3,2,0,86.207,21.875,23.2,29,1,0,25,4,0,0,5.345,322,21
2026-01-18 13:47:44,9.727,Catge,31.973,5.444,0,2,1,5.298,10,0,0,31.973,1,4,47,147,3,3,0,81.579,14.679,25.85,38,5,0,31,7,2,0,4.526,322,16
2026-01-26 16:08:49,9.727,Catge,32.759,4.561,0,2,1,5.605,4,0,0,32.759,2,2,38,116,1,4,0,93.103,12.644,25,29,3,0,27,2,1,0,5.31,322,11
2026-02-16 14:25:39,9.511,Catge,32.11,6.556,2,4,1,5.171,7,0,0,32.11,4,1,35,109,1,4,0,96.154,12.048,23.853,26,1,0,25,1,1,1,4.846,322,10
2026-02-27 17:49:06,78.84,Catge,35.514,74.263,2,6,1,4.711,9,0,0,35.514,4,3,38,107,4,1,0,89.655,15.385,27.103,29,2,1,26,3,0,1,4.517,322,12
2026-03-13 15:56:00,80.74,Catge,34.444,0.0,0,6,0,4.935,7,0,0,34.444,3,3,31,90,2,3,0,95.238,15.942,23.333,21,1,0,20,1,0,0,4.143,322,11
2026-03-14 16:32:17,76.315,Catge,41.406,67.754,2,6,2,5.189,13,0,0,41.406,7,2,53,128,5,1,0,90,19.318,31.25,40,2,0,36,4,0,0,4.675,322,17
2026-03-19 16:41:20,82.124,Catge,42.857,83.074,3,6,1,4.741,14,0,0,42.857,6,6,54,126,3,2,0,81.25,19.231,38.095,48,3,2,39,9,2,0,3.938,322,15
2026-04-14 12:21:10,86.681,Catge,38.679,73.408,0,2,0,4.78,9,0,0,38.679,3,3,41,106,4,1,0,86.111,14.286,33.962,36,3,1,31,5,0,0,4.361,322,10
2026-04-18 14:09:24,89.085,Catge,49.593,101.825,5,5,0,4.639,15,0,0,49.593,7,2,61,123,3,1,1,86.667,28.205,36.585,45,4,2,39,6,3,1,3.889,322,22
2026-04-28 18:07:21,92.521,Catge,28.723,50.373,1,5,0,4.963,7,0,0,28.723,2,5,27,94,2,4,0,85.185,5.97,28.723,27,2,0,23,4,1,0,4.778,322,4
2026-04-30 15:50:01,90.929,Catge,39.231,79.025,4,5,0,4.961,14,0,0,39.231,5,9,51,130,3,2,0,88.571,21.053,26.923,35,3,1,31,4,0,1,4.714,322,20
2026-05-19 16:16:06,93.894,Catge,43.169,70.227,3,12,2,5.152,16,0,0,43.169,7,4,79,183,3,3,0,87.037,24.806,29.508,54,1,2,47,7,0,1,4.722,322,32
2026-03-13 15:56:00,100.0,Swapin,39.316,0.0,1,5,0,5.13,11,0,0,39.316,5,1,46,117,3,2,0,70.732,22.368,35.043,41,9,3,29,12,3,0,4.366,325,17
2026-03-21 23:58:10,90.95,Swapin,42.0,62.572,0,6,0,5.071,7,0,0,42,7,3,42,100,4,1,0,83.871,23.188,31,31,1,1,26,5,0,0,4.581,325,16
2026-05-17 11:44:12,95.72,Swapin,47.059,88.555,4,14,1,4.847,17,0,0,47.059,7,7,72,153,2,4,0,79.032,25.275,40.523,62,6,5,49,13,1,1,4.145,325,23
2026-01-05 18:59:48,10.735,pomo,35.238,10.185,3,3,1,4.378,15,0,0,35.238,6,3,37,105,1,4,0,64.286,15.873,40,42,1,0,27,15,5,1,3.69,326,10
2026-01-09 22:25:54,11.86,pomo,38.583,11.36,1,3,2,4.204,23,0,0,38.583,7,11,49,127,3,2,0,71.154,16,40.945,52,5,1,37,15,3,0,3.827,326,12
2026-02-03 14:14:42,11.928,pomo,45.0,9.256,0,12,5,5.069,17,0,0,45,3,9,72,160,3,3,0,70.13,21.687,48.125,77,6,6,54,23,2,0,4.117,326,18
2026-02-17 22:57:01,95.03,pomo,39.167,93.199,3,10,0,4.404,18,0,0,39.167,9,4,47,120,4,1,0,67.391,21.622,38.333,46,3,3,31,15,2,0,3.587,326,16
2026-03-18 15:43:11,99.34,pomo,50.376,118.911,6,7,0,4.179,26,0,0,50.376,9,11,67,133,2,4,0,76.271,29.73,44.361,59,9,5,45,14,4,1,3.271,326,22
2026-03-24 19:06:22,102.32,pomo,48.352,130.947,7,5,0,4.295,18,0,0,48.352,9,10,44,91,5,0,0,87.5,17.647,43.956,40,4,2,35,5,0,0,3.725,326,9
2026-04-18 14:09:24,109.355,pomo,37.615,94.797,4,5,1,4.512,15,0,0,37.615,8,5,41,109,2,3,0,64.444,18.75,41.284,45,3,1,29,16,3,1,3.578,326,12
2026-02-16 14:25:39,11.5,tskr,40.367,9.652,2,11,1,4.636,13,0,0,40.367,8,4,44,109,3,1,1,68.085,19.355,43.119,47,2,3,32,15,5,1,3.681,328,12
2026-02-27 17:49:06,97.88,tskr,33.871,74.719,2,6,1,4.833,14,0,0,33.871,8,4,42,124,2,3,0,60.714,11.765,45.161,56,3,2,34,22,3,0,4.089,328,8
2026-01-05 18:59:48,10.757,2skr,32.979,11.524,7,2,1,4.097,11,0,0,32.979,8,1,31,94,2,3,0,100,18.182,18.085,17,6,0,17,0,0,2,3.706,334,14
2026-01-09 22:25:54,9.697,2skr,37.795,10.721,2,3,2,4.292,18,0,0,37.795,7,7,48,127,3,2,0,97.222,14.286,28.346,36,11,0,35,1,1,0,3.917,334,13
2026-01-11 17:19:26,9.697,2skr,33.945,6.954,2,3,1,4.892,6,0,0,33.945,5,2,37,109,3,2,0,80.952,22.727,19.266,21,4,2,17,4,0,0,3.905,334,20
2026-02-09 14:05:22,11.801,2skr,29.06,8.997,7,4,2,4.588,12,0,0,29.06,8,3,34,117,3,3,0,78.261,17.021,19.658,23,11,2,18,5,1,0,2.696,334,16
2026-02-13 15:17:16,11.864,2skr,34.459,8.87,4,6,3,4.765,19,0,0,34.459,8,2,51,148,3,3,0,77.778,20.536,24.324,36,11,2,28,8,3,0,3.417,334,23
2026-02-16 14:25:39,11.765,2skr,22.857,8.316,3,12,0,4.125,12,0,0,22.857,6,4,24,105,4,1,0,87.5,11.236,15.238,16,6,0,14,2,1,0,2.938,334,10
2026-02-23 13:34:06,101.352,2skr,33.962,63.437,2,8,0,4.667,8,0,0,33.962,3,4,36,106,2,3,0,76.667,17.105,28.302,30,12,4,23,7,2,0,3.333,334,13
2026-02-27 17:49:06,98.641,2skr,31.452,69.861,3,6,0,4.949,10,0,0,31.452,5,10,39,124,2,3,0,80.769,18.367,20.968,26,6,2,21,5,1,0,3.5,334,18
2026-03-13 15:56:00,96.755,2skr,33.036,0.0,0,6,1,4.946,10,0,0,33.036,5,3,37,112,1,4,0,89.655,13.253,25.893,29,8,1,26,3,0,0,4.172,334,11
2026-03-19 16:41:20,91.024,2skr,36.508,57.239,1,9,3,5.196,9,0,0,36.508,6,3,46,126,2,3,0,91.667,23.529,19.048,24,6,1,22,2,0,0,4.417,334,24
2026-03-29 18:09:19,91.011,2skr,33.01,101.315,6,7,0,3.706,16,0,0,33.01,9,9,34,103,3,2,0,83.333,22.353,17.476,18,7,1,15,3,1,0,2.167,334,19
2026-04-07 13:45:30,92.628,2skr,40.789,97.4,3,11,1,4.177,22,0,0,40.789,7,18,62,152,1,5,0,92.5,22.321,26.316,40,13,2,37,3,1,0,3.275,334,25
2026-04-28 18:07:21,90.258,2skr,35.878,92.873,5,7,2,4.34,21,0,0,35.878,12,4,47,131,4,2,0,88.889,22.115,20.611,27,13,1,24,3,0,0,2.963,334,23
2026-04-30 15:50:01,94.275,2skr,35.714,72.942,2,2,0,4.725,12,0,0,35.714,6,4,40,112,3,2,0,90,15.854,26.786,30,4,1,27,3,0,0,4.167,334,13
2026-05-10 14:32:43,94.792,2skr,32.0,83.366,2,6,0,4.094,11,0,0,32,8,3,32,100,4,1,0,90,17.5,20,20,3,0,18,2,1,0,3.55,334,14
2026-01-05 18:59:48,7.42,xeyz,26.271,5.292,2,5,2,5.226,8,0,0,26.271,2,3,31,118,4,1,0,33.333,8.824,71.186,84,6,2,28,56,6,0,3.845,335,3
2026-01-09 22:25:54,7.467,xeyz,26.119,3.852,0,8,0,5.371,6,0,0,26.119,0,2,35,134,3,2,0,31.633,11.111,73.134,98,5,6,31,67,8,0,3.48,335,4
2026-01-11 17:19:26,7.467,xeyz,37.624,7.328,0,5,3,4.974,9,0,0,37.624,3,5,38,101,2,3,0,43.21,15,80.198,81,5,5,35,46,6,0,3.852,335,3
2026-01-26 16:08:49,7.467,xeyz,25.735,3.928,3,5,4,5.914,4,0,0,25.735,4,0,35,136,0,5,0,28.302,16.667,77.941,106,7,4,30,76,14,1,4.009,335,5
2026-02-17 22:57:01,78.47,xeyz,24.627,26.129,1,10,2,5.697,1,0,0,24.627,1,0,33,134,4,1,0,28.09,17.778,66.418,89,1,3,25,64,8,0,3.685,335,8
2026-03-01 17:03:20,77.14,xeyz,30.435,54.63,1,11,1,4.857,9,0,0,30.435,4,5,42,138,3,3,0,35.849,12.5,76.812,106,15,9,38,68,12,0,3.283,335,4
2026-03-13 15:56:00,80.459,xeyz,23.077,0.0,1,6,3,5.0,4,0,0,23.077,2,0,21,91,2,3,0,26.866,12.5,73.626,67,6,6,18,49,10,0,3.284,335,3
2026-03-14 16:32:17,72.84,xeyz,25.0,25.234,0,15,2,5.756,5,0,0,25,2,1,41,164,2,4,0,30.159,7.895,76.829,126,9,10,38,88,17,0,3.754,335,3
2026-03-18 15:43:11,69.977,xeyz,25.899,43.722,1,8,2,4.806,9,0,0,25.899,4,3,36,139,4,2,0,31.959,11.905,69.784,97,5,3,31,66,12,0,3.495,335,5
2026-03-19 16:41:20,71.84,xeyz,27.586,42.795,1,8,2,5.156,8,0,0,27.586,2,5,32,116,2,3,0,32.222,11.538,77.586,90,6,6,29,61,12,0,3.467,335,3
2026-03-24 19:06:22,73.457,xeyz,24.348,36.316,0,10,1,5.357,7,0,0,24.348,3,2,28,115,3,2,0,31.765,3.333,73.913,85,8,6,27,58,10,0,3.459,335,1
2026-03-29 18:09:19,74.29,xeyz,37.857,60.208,1,8,0,4.906,13,0,0,37.857,4,6,53,140,3,2,0,46.296,9.375,77.143,108,7,5,50,58,11,0,3.713,335,3
2026-04-09 15:36:48,77.477,xeyz,28.767,37.16,0,8,4,5.548,9,0,0,28.767,5,1,42,146,4,2,0,35.345,3.333,79.452,116,7,6,41,75,7,0,3.793,335,1
2026-04-18 14:09:24,77.785,xeyz,25.0,41.912,1,5,2,5.029,6,0,0,25,2,2,35,140,2,3,0,28.571,14.286,75,105,10,5,30,75,16,0,3.486,335,5
2026-04-30 15:50:01,77.553,xeyz,30.065,27.811,0,8,2,5.913,3,0,0,30.065,0,2,46,153,2,3,0,41.489,11.864,61.438,94,2,3,39,55,6,0,4.436,335,7
2026-05-10 14:32:43,76.804,xeyz,24.409,48.598,1,13,4,4.645,8,0,0,24.409,2,4,31,127,4,1,0,29.897,6.667,76.378,97,5,10,29,68,11,0,3.196,335,2
2026-05-19 16:16:06,78.255,xeyz,28.387,39.261,0,8,1,5.705,9,0,0,28.387,4,3,44,155,3,3,0,34.167,8.571,77.419,120,7,5,41,79,12,0,3.958,335,3
2026-01-05 18:59:48,10.283,Heleos,37.5,9.558,2,4,1,4.429,13,0,0,37.5,8,2,42,112,4,1,0,84.848,17.722,29.464,33,6,1,28,5,1,0,4.152,348,14
2026-01-09 22:25:54,9.409,Heleos,34.109,7.409,2,9,0,5.0,9,0,0,34.109,3,7,44,129,3,1,1,80,17.021,27.132,35,4,0,28,7,1,1,4.8,348,16
2026-01-26 16:08:49,9.409,Heleos,30.233,5.5,2,6,2,5.256,7,0,0,30.233,3,5,39,129,5,0,0,76.667,16.162,23.256,30,5,2,23,7,1,0,4.533,348,16
2026-02-27 17:49:06,115.0,Solosion,45.556,109.964,0,7,1,4.415,17,0,0,45.556,8,5,41,90,4,1,0,78.571,30.645,31.111,28,2,0,22,6,0,0,4.143,353,19
2026-03-13 15:56:00,98.68,Solosion,45.299,0.0,4,5,2,4.698,16,0,0,45.299,8,5,53,117,3,2,0,94.118,25.301,29.06,34,7,0,32,2,0,1,4.618,353,21
2026-03-24 19:06:22,107.66,Solosion,39.13,85.115,1,10,0,4.622,16,0,0,39.13,4,8,45,115,3,2,0,92.593,22.727,23.478,27,3,0,25,2,1,0,4.444,353,20
2026-01-05 18:59:48,12.815,Isekaijoucho,42.553,10.344,1,2,0,4.5,12,0,0,42.553,3,12,40,94,2,3,0,67.742,30.159,32.979,31,1,1,21,10,2,0,3.806,356,19
2026-01-26 16:08:49,11.225,Isekaijoucho,47.059,8.17,0,5,2,5.312,13,0,0,47.059,6,8,64,136,0,5,0,63.934,33.333,44.853,61,1,2,39,22,8,0,4.426,356,25
2026-02-03 14:14:42,11.71,Isekaijoucho,41.667,7.226,1,11,3,5.45,10,0,0,41.667,1,7,60,144,2,4,0,62.5,28.409,38.889,56,1,3,35,21,3,0,4.571,356,25
2026-02-16 14:25:39,11.156,Isekaijoucho,39.416,8.903,3,10,0,4.944,12,0,0,39.416,5,9,54,137,2,3,0,64.815,22.892,39.416,54,2,1,35,19,4,0,4.444,356,19
2026-03-01 17:03:20,92.25,Isekaijoucho,37.037,77.696,0,5,0,4.4,16,0,0,37.037,4,8,40,108,2,4,0,73.81,13.636,38.889,42,1,2,31,11,7,0,3.524,356,9
2026-03-18 15:43:11,90.75,Isekaijoucho,46.667,83.995,1,6,0,4.619,18,0,0,46.667,4,13,63,135,3,3,0,70.588,32.143,37.778,51,4,1,36,15,2,0,4.02,356,27
2026-03-29 18:09:19,80.262,Isekaijoucho,43.697,73.746,1,9,0,4.827,12,0,0,43.697,6,7,52,119,1,4,0,71.698,21.212,44.538,53,6,2,38,15,2,0,4.226,356,14
2026-04-07 13:45:30,79.729,Isekaijoucho,37.963,78.933,1,8,0,4.61,14,0,0,37.963,6,6,41,108,6,0,0,58.537,25.373,37.963,41,4,3,24,17,2,0,3.61,356,17
2026-01-09 22:25:54,10.597,chommy,33.793,8.624,2,10,2,4.51,14,0,0,33.793,7,3,49,145,2,3,0,94.286,14.545,24.138,35,7,1,33,2,1,0,3.914,357,16
2026-01-11 17:19:26,10.597,chommy,33.6,8.882,5,5,4,4.714,13,0,0,33.6,8,5,42,125,3,2,0,100,20.952,16,20,10,0,20,0,0,0,3.25,357,22
2026-01-18 13:47:44,10.597,chommy,33.125,8.38,3,5,2,4.698,18,0,0,33.125,6,9,53,160,2,4,0,89.286,21.212,17.5,28,8,0,25,3,0,0,3.643,357,28
2026-01-26 16:08:49,10.597,chommy,45.736,13.111,8,6,0,4.576,21,0,0,45.736,13,4,59,129,5,0,0,94.595,26.087,28.682,37,9,0,35,2,2,1,3.73,357,24
2026-02-03 14:14:42,12.484,chommy,41.935,13.667,4,8,3,4.308,28,0,0,41.935,16,6,65,155,4,2,0,97.5,22.609,25.806,40,10,0,39,1,0,1,4.0,357,26
2026-02-09 14:05:22,12.859,chommy,45.918,16.149,5,5,0,3.844,22,0,0,45.918,11,11,45,98,2,4,0,96.296,26.761,27.551,27,8,0,26,1,0,0,3.148,357,19
2026-02-13 15:17:16,13.661,chommy,45.614,12.602,5,14,0,4.449,26,0,0,45.614,15,4,78,171,2,4,0,93.478,28,26.901,46,18,1,43,3,0,2,3.413,357,35
2026-02-16 14:25:39,13.446,chommy,43.796,10.81,2,10,1,4.717,16,0,0,43.796,7,9,60,137,2,3,0,93.333,29.907,21.898,30,7,0,28,2,1,0,4.3,357,32
2026-02-17 22:57:01,109.94,chommy,37.805,107.587,4,3,0,3.968,12,0,0,37.805,5,5,31,82,1,4,0,94.737,20.635,23.171,19,6,0,18,1,1,1,3.526,357,13
2026-02-23 13:34:06,106.022,chommy,41.935,122.403,8,10,1,3.942,23,0,0,41.935,11,11,52,124,2,3,0,95.652,29.703,18.548,23,9,0,22,1,1,1,2.826,357,30
2026-02-27 17:49:06,106.138,chommy,28.972,72.033,4,6,0,4.677,10,0,0,28.972,6,1,31,107,4,1,0,84.211,17.045,17.757,19,7,1,16,3,0,0,3.316,357,15
2026-03-01 17:03:20,109.22,chommy,32.407,89.481,3,5,1,4.0,17,0,0,32.407,7,4,35,108,2,4,0,92.308,13.415,24.074,26,6,0,24,2,0,1,3.731,357,11
2026-04-09 15:36:48,107.72,chommy,37.795,67.118,0,9,3,4.896,14,0,0,37.795,5,6,48,127,3,3,0,95.238,26.415,16.535,21,2,0,20,1,1,0,4.571,357,28
2026-04-30 15:50:01,107.952,chommy,45.385,92.026,4,5,0,4.864,15,0,0,45.385,6,6,59,130,3,2,0,100,31.068,20.769,27,6,0,27,0,0,0,4.407,357,32
2026-01-18 13:47:44,13.452,mangoss,55.102,12.163,5,2,1,4.778,16,0,0,55.102,9,6,81,147,3,3,0,88.889,35.484,36.735,54,5,0,48,6,2,0,4.5,358,33
2026-01-26 16:08:49,13.452,mangoss,56.522,11.209,2,4,0,5.128,18,0,0,56.522,6,7,78,138,4,1,0,78.462,36.986,47.101,65,5,3,51,14,0,0,4.662,358,27
2026-02-03 14:14:42,13.542,mangoss,47.222,8.575,2,11,0,5.426,11,0,0,47.222,5,5,68,144,2,4,0,78.571,27.273,38.889,56,4,2,44,12,5,0,4.661,358,24
2026-02-16 14:25:39,12.79,mangoss,47.541,10.346,2,10,0,4.897,14,0,0,47.541,4,6,58,122,2,2,1,80,31.707,32.787,40,2,0,32,8,2,0,4.2,358,26
2026-02-17 22:57:01,106.77,mangoss,46.763,94.258,2,8,1,4.585,20,0,0,46.763,5,6,65,139,4,1,0,80.851,29.348,33.813,47,2,2,38,9,2,0,4.213,358,27
2026-03-19 16:41:20,103.28,mangoss,49.206,112.04,5,6,0,4.452,24,0,0,49.206,9,8,62,126,3,2,0,81.25,29.487,38.095,48,7,1,39,9,4,1,3.854,358,23
2026-04-07 13:45:30,111.436,mangoss,54.491,124.456,3,7,1,4.275,31,0,0,54.491,9,12,91,167,2,3,1,83.099,33.333,42.515,71,7,2,59,12,1,0,4.014,358,32
2026-04-09 15:36:48,111.578,mangoss,58.108,117.476,3,5,0,4.477,26,0,0,58.108,10,10,86,148,2,3,1,93.333,34.091,40.541,60,6,0,56,4,2,1,4.367,358,30
2026-04-14 12:21:10,112.05,mangoss,52.252,105.118,2,6,1,4.828,13,0,0,52.252,5,6,58,111,5,0,0,83.673,27.419,44.144,49,6,3,41,8,3,0,4.041,358,17
2026-04-30 15:50:01,115.728,mangoss,57.143,127.255,1,2,0,4.406,22,0,0,57.143,7,8,64,112,3,2,0,93.478,31.818,41.071,46,4,0,43,3,0,0,4.283,358,21
2026-05-17 11:44:12,117.007,mangoss,40.833,93.296,2,8,0,4.245,15,0,0,40.833,4,14,49,120,1,5,0,75.61,22.785,34.167,41,4,0,31,10,4,0,3.902,358,18
2026-05-19 16:16:06,111.387,mangoss,50.943,114.601,5,10,4,4.481,25,0,0,50.943,6,14,81,159,5,1,0,76.712,29.07,45.912,73,3,3,56,17,4,3,3.932,358,25
2026-05-17 11:44:12,90.0,I_dont_like_loli,28.105,36.755,0,14,3,5.465,8,0,0,28.105,3,2,43,153,2,4,0,63.158,16.522,24.837,38,0,2,24,14,0,0,4.474,364,19
2026-02-23 13:34:06,110.0,AitsukiNakuru,57.895,149.866,2,14,0,4.036,27,0,0,57.895,16,12,55,95,5,0,0,77.358,33.333,55.789,53,2,2,41,12,1,0,3.623,366,14
2026-03-01 17:03:20,124.95,AitsukiNakuru,50.725,115.613,5,11,0,4.371,20,0,0,50.725,10,10,70,138,3,3,0,85.714,26.829,40.58,56,1,3,48,8,2,3,4.036,366,22
2026-03-13 15:56:00,122.89,AitsukiNakuru,46.667,0.0,2,6,0,4.5,14,0,0,46.667,5,2,42,90,2,3,0,59.459,37.736,41.111,37,4,1,22,15,6,2,3.459,366,20
2026-03-14 16:32:17,122.85,AitsukiNakuru,56.098,106.551,4,15,0,4.739,26,0,0,56.098,6,14,92,164,2,4,0,78.313,33.333,50.61,83,4,5,65,18,5,0,4.072,366,27
2026-04-07 13:45:30,117.96,AitsukiNakuru,50.0,120.99,3,11,1,4.066,31,0,0,50,9,16,76,152,1,5,0,83.607,27.473,40.132,61,4,0,51,10,4,1,3.82,366,25
2026-01-09 22:25:54,11.381,PotassiumF,38.76,9.735,4,9,0,4.68,14,0,0,38.76,4,8,50,129,3,1,1,97.436,13.333,30.233,39,4,1,38,1,0,0,4.487,367,12
2026-01-26 16:08:49,11.381,PotassiumF,52.667,9.539,1,5,1,5.342,16,0,0,52.667,4,11,79,150,2,3,0,88.889,32.292,36,54,4,0,48,6,0,0,4.759,367,31
2026-02-16 14:25:39,12.01,PotassiumF,42.623,9.533,3,10,0,4.923,13,0,0,42.623,5,4,52,122,2,2,1,89.744,20.482,31.967,39,2,2,35,4,0,1,4.821,367,17
2026-02-23 13:34:06,99.25,PotassiumF,44.211,96.45,2,14,1,4.405,16,0,0,44.211,11,2,42,95,5,0,0,87.5,12.727,42.105,40,2,3,35,5,1,1,4.025,367,7
2026-02-27 17:49:06,100.18,PotassiumF,40.323,83.339,4,8,0,4.98,15,0,0,40.323,5,7,50,124,0,5,0,92.308,16.471,31.452,39,7,2,36,3,1,0,4.564,367,14
2026-03-01 17:03:20,99.96,PotassiumF,41.732,79.711,1,8,0,4.792,15,0,0,41.732,5,10,53,127,2,4,0,85,21.839,31.496,40,2,0,34,6,3,0,4.25,367,19
2026-03-14 16:32:17,97.208,PotassiumF,55.689,108.414,5,3,2,4.72,25,0,0,55.689,11,15,93,167,3,3,0,94.118,29.293,40.719,68,3,1,64,4,1,2,4.529,367,29
2026-03-19 16:41:20,100.48,PotassiumF,46.552,109.733,3,8,1,4.352,21,0,0,46.552,4,15,54,116,2,3,0,90.698,20.548,37.069,43,4,2,39,4,0,0,3.93,367,15
2026-03-29 18:09:19,99.348,PotassiumF,43.434,77.651,1,2,0,4.674,15,0,0,43.434,6,2,43,99,3,2,0,90.625,20.896,32.323,32,3,0,29,3,0,0,4.375,367,14
2026-04-07 13:45:30,100.489,PotassiumF,41.667,88.314,0,8,0,4.467,17,0,0,41.667,7,7,45,108,6,0,0,85.294,21.622,31.481,34,3,1,29,5,1,0,3.912,367,16
2026-04-09 15:36:48,105.623,PotassiumF,45.89,104.979,7,8,0,4.657,25,0,0,45.89,12,6,67,146,4,2,0,96.429,14.444,38.356,56,3,0,54,2,0,1,4.429,367,13
2026-04-14 12:21:10,109.469,PotassiumF,41.026,84.898,3,4,1,4.75,15,0,0,41.026,6,6,48,117,0,5,0,92.857,24.719,23.932,28,3,1,26,2,0,1,4.571,367,22
2026-04-18 14:09:24,105.541,PotassiumF,45.57,71.86,1,6,0,5.083,18,0,0,45.57,5,5,72,158,2,2,1,96,22.222,31.646,50,4,0,48,2,0,0,4.92,367,24
2026-04-28 18:07:21,105.662,PotassiumF,52.0,110.5,2,5,0,4.492,24,0,0,52,12,4,65,125,2,4,0,88.462,26.027,41.6,52,5,1,46,6,3,0,4.058,367,19
2026-05-10 14:32:43,105.35,PotassiumF,45.113,76.114,2,15,0,5.017,14,0,0,45.113,3,5,60,133,0,5,0,85.714,21.429,36.842,49,3,3,42,7,3,0,4.449,367,18
2026-05-17 19:20:26,102.557,PotassiumF,46.25,65.909,1,7,0,5.338,11,0,0,46.25,2,5,74,160,1,5,0,87.5,24.038,35,56,2,1,49,7,2,0,4.875,367,25
2026-05-19 16:16:06,99.883,PotassiumF,45.902,76.694,1,12,1,5.06,17,0,0,45.902,6,9,84,183,3,3,0,88.889,23.333,34.426,63,4,2,56,7,1,0,4.762,367,28
2026-03-29 18:09:19,85.0,Andrey_K,35.052,71.907,1,3,3,4.559,12,0,0,35.052,7,1,34,97,2,3,0,92.593,12.857,27.835,27,4,0,25,2,0,0,4.111,370,9
2026-04-18 14:09:24,97.41,Andrey_K,30.894,77.761,4,5,1,4.447,15,0,0,30.894,11,1,38,123,3,1,1,83.333,13.978,24.39,30,5,0,25,5,0,0,4.067,370,13
2026-02-09 14:05:22,12.0,qwecocacola,44.094,9.574,4,4,0,4.875,14,0,0,44.094,6,8,56,127,3,3,0,92.105,23.596,29.921,38,4,0,35,3,1,0,4.763,376,21
2026-02-13 15:17:16,12.315,qwecocacola,46.061,8.25,3,15,0,5.421,13,0,0,46.061,7,3,76,165,3,3,0,84.444,31.667,27.273,45,5,5,38,7,0,0,4.622,376,38
2026-02-17 22:57:01,101.15,qwecocacola,40.0,77.014,2,10,1,4.717,21,0,0,40,10,6,60,150,3,2,0,83.871,28.571,20.667,31,3,0,26,5,1,1,4.677,376,34
2026-02-23 13:34:06,101.55,qwecocacola,33.962,68.809,3,8,0,4.611,10,0,0,33.962,4,4,36,106,2,3,0,88.889,15.19,25.472,27,4,0,24,3,2,0,4.333,376,12
2026-03-01 17:03:20,98.09,qwecocacola,37.008,80.57,2,8,0,4.638,17,0,0,37.008,9,4,47,127,2,4,0,81.25,22.105,25.197,32,2,3,26,6,2,1,3.906,376,21
2026-03-18 15:43:11,100.34,qwecocacola,48.031,92.186,0,5,0,4.508,20,0,0,48.031,6,7,61,127,3,3,0,93.548,33.333,24.409,31,3,1,29,2,0,0,4.355,376,32
2026-03-21 23:58:10,98.6,qwecocacola,39.175,78.383,3,4,1,4.711,9,0,0,39.175,5,3,38,97,2,3,0,100,24.359,19.588,19,4,0,19,0,0,1,4.368,376,19
2026-03-24 19:06:22,96.347,qwecocacola,35.165,74.227,3,5,0,4.875,10,0,0,35.165,7,1,32,91,5,0,0,94.737,19.444,20.879,19,2,0,18,1,0,1,4.789,376,14
2026-04-07 13:45:30,101.327,qwecocacola,43.519,130.005,8,8,0,4.0,21,0,0,43.519,15,4,47,108,6,0,0,81.481,30.864,25,27,6,0,22,5,1,1,3.37,376,25
2026-04-14 12:21:10,109.444,qwecocacola,41.026,69.266,0,4,0,5.0,9,0,0,41.026,4,3,48,117,0,5,0,88,28.261,21.368,25,2,0,22,3,2,0,4.4,376,26
2026-02-16 14:25:39,9.0,erzakuran,14.754,3.7,1,10,7,5.056,6,0,0,14.754,3,2,18,122,2,2,1,69.231,0,21.311,26,4,3,18,8,2,0,4.077,378,0
2026-02-17 22:57:01,61.8,erzakuran,9.756,10.113,0,3,1,5.625,1,0,0,9.756,0,1,8,82,1,4,0,75,2.703,9.756,8,1,0,6,2,0,0,4.5,378,2
2026-02-23 13:34:06,57.09,erzakuran,9.649,14.052,0,15,1,4.909,1,0,0,9.649,1,1,11,114,1,4,0,62.5,1.02,14.035,16,0,0,10,6,0,0,4.438,378,1
2026-02-27 17:49:06,55.63,erzakuran,8.889,18.67,1,7,6,5.375,2,0,0,8.889,2,0,8,90,4,1,0,50,2.564,13.333,12,1,0,6,6,1,0,3.333,378,2
2026-03-13 15:56:00,55.46,erzakuran,10.87,0.0,1,7,4,4.3,3,0,0,10.87,2,1,10,92,3,2,0,60,1.299,16.304,15,1,1,9,6,1,0,3.533,378,1
2026-03-18 15:43:11,58.09,erzakuran,10.526,27.245,0,7,7,4.0,8,0,0,10.526,2,3,14,133,2,4,0,56.522,0.909,17.293,23,2,0,13,10,3,0,3.348,378,1
2026-03-21 23:58:10,56.973,erzakuran,8.738,16.532,0,5,7,4.667,3,0,0,8.738,0,2,9,103,2,3,0,47.059,1.163,16.505,17,0,1,8,9,2,0,3.765,378,1
2026-05-17 19:20:26,60.41,erzakuran,11.561,21.018,1,8,9,5.2,5,0,0,11.561,2,1,20,173,3,2,1,58.621,2.083,16.763,29,2,2,17,12,0,0,4.655,378,3
2026-03-19 16:41:20,110.0,CipherKai,61.364,116.666,0,4,0,4.556,25,0,0,61.364,8,7,81,132,2,3,0,79.487,35.185,59.091,78,3,3,62,16,2,0,4.205,379,19
2026-01-05 18:59:48,11.467,Kyuuuu,37.069,9.079,4,6,1,4.581,10,0,0,37.069,5,5,43,116,3,2,0,88.462,22.222,22.414,26,3,0,23,3,0,1,4.385,393,20
2026-01-09 22:25:54,10.492,Kyuuuu,32.52,5.956,1,7,2,5.425,9,0,0,32.52,4,1,40,123,2,3,0,70.588,17.978,27.642,34,6,1,24,10,4,1,4.559,393,16
2026-01-11 17:19:26,10.492,Kyuuuu,39.13,8.496,2,5,0,4.756,12,0,0,39.13,4,3,45,115,0,5,0,74.468,14.706,40.87,47,4,0,35,12,1,0,4.489,393,10
2026-04-14 12:21:10,88.75,Kyuuuu,29.412,71.74,1,4,2,4.333,10,0,0,29.412,2,7,30,102,1,4,0,72.414,12.329,28.431,29,2,1,21,8,1,0,3.621,393,9
2026-04-18 14:09:24,86.87,Kyuuuu,28.462,63.746,2,6,4,4.649,12,0,0,28.462,4,5,37,130,3,2,0,75,13.265,24.615,32,4,2,24,8,0,0,4.125,393,13
2026-04-28 18:07:21,86.27,Kyuuuu,30.851,87.768,6,5,0,4.345,13,0,0,30.851,8,2,29,94,2,4,0,80,13.043,26.596,25,6,2,20,5,1,1,3.44,393,9
2026-05-10 14:32:43,79.376,Kyuuuu,31.875,61.151,2,8,2,4.922,16,0,0,31.875,5,5,51,160,2,3,0,79.63,7.547,33.75,54,8,1,43,11,2,0,4.296,393,8
2026-01-09 22:25:54,15.408,Komari,53.077,14.787,7,6,0,4.435,19,0,0,53.077,12,6,69,130,2,2,1,82.927,39.326,31.538,41,1,1,34,7,0,2,3.902,394,35
2026-01-11 17:19:26,15.408,Komari,50.495,13.098,4,5,0,4.569,20,0,0,50.495,9,9,51,101,2,3,0,84.615,29.032,38.614,39,4,0,33,6,1,0,4.385,394,18
2026-02-16 14:25:39,14.045,Komari,58.197,15.015,3,10,0,4.563,21,0,0,58.197,6,14,71,122,2,2,1,85.417,40.541,39.344,48,5,3,41,7,0,0,4.062,394,30
2026-02-27 17:49:06,117.46,Komari,63.063,158.379,4,6,0,4.286,24,0,0,63.063,12,11,70,111,3,2,0,86.667,46.97,40.541,45,6,1,39,6,2,2,3.911,394,31
2026-03-13 15:56:00,121.93,Komari,71.97,0.0,9,4,1,4.337,35,0,0,71.97,16,16,95,132,4,1,0,92.982,56,43.182,57,3,0,53,4,0,2,4.368,394,42
2026-03-24 19:06:22,127.07,Komari,57.025,140.822,4,10,0,4.319,25,0,0,57.025,11,12,69,121,2,3,0,94.118,42.529,28.099,34,2,2,32,2,0,1,4.206,394,37
2026-04-18 14:09:24,126.95,Komari,65.19,150.35,4,6,0,4.417,39,0,0,65.19,8,21,103,158,2,2,1,92.308,46.237,41.139,65,5,0,60,5,2,1,4.323,394,43
2026-05-10 14:32:43,129.626,Komari,42.991,111.844,1,8,1,4.043,20,0,0,42.991,6,12,46,107,1,4,0,77.5,22.388,37.383,40,2,0,31,9,4,0,4.05,394,15
2026-01-09 22:25:54,8.349,LordGrond,33.103,6.871,0,10,1,4.854,14,0,0,33.103,3,5,48,145,2,3,0,97.297,11.111,25.517,37,2,0,36,1,0,0,4.324,395,12
2026-01-11 17:19:26,8.349,LordGrond,35.2,7.086,3,5,7,5.0,9,0,0,35.2,4,6,44,125,3,2,0,96.429,17.526,22.4,28,3,1,27,1,0,0,4.464,395,17
2026-01-26 16:08:49,8.349,LordGrond,24.779,5.242,0,4,4,5.0,8,0,0,24.779,2,4,28,113,3,2,0,86.364,9.89,19.469,22,1,0,19,3,0,0,4.591,395,9
2026-03-01 17:03:20,79.35,LordGrond,24.638,48.723,1,11,2,4.794,8,0,0,24.638,7,3,34,138,3,3,0,91.667,10.526,17.391,24,0,0,22,2,0,0,4.292,395,12
2026-03-21 23:58:10,81.63,LordGrond,26.804,32.945,0,4,0,5.385,4,0,0,26.804,1,3,26,97,2,3,0,88.889,12.658,18.557,18,1,1,16,2,0,0,4.444,395,10
2026-05-17 19:20:26,81.28,LordGrond,29.487,44.841,0,6,0,5.196,8,0,0,29.487,2,6,46,156,5,0,1,90.625,13.71,20.513,32,2,1,29,3,0,0,4.781,395,17
2026-02-27 17:49:06,100.0,kabao,33.333,64.394,1,6,1,4.865,9,0,0,33.333,6,2,37,111,3,2,0,61.111,20,32.432,36,2,2,22,14,2,0,4.306,398,15
2026-01-11 17:19:26,7.346,ElJuanchi,33.333,5.0,0,11,1,5.333,9,0,0,33.333,6,2,48,144,4,1,0,100,23.81,12.5,18,2,0,18,0,0,0,5.111,399,30
2026-01-26 16:08:49,7.346,ElJuanchi,28.986,3.866,1,4,7,5.85,5,0,0,28.986,2,3,40,138,4,1,0,83.333,17.544,17.391,24,2,0,20,4,0,0,5.083,399,20
2026-02-09 14:05:22,9.51,ElJuanchi,41.732,10.302,4,4,2,4.642,16,0,0,41.732,8,6,53,127,3,3,0,96.667,24.742,23.622,30,7,1,29,1,0,0,3.767,399,24
2026-02-13 15:17:16,10.506,ElJuanchi,26.471,4.082,0,11,7,5.533,9,0,0,26.471,3,1,45,170,4,2,0,71.875,15.942,18.824,32,1,3,23,9,1,0,4.344,399,22
2026-02-17 22:57:01,81.27,ElJuanchi,31.343,60.827,0,10,1,4.738,11,0,0,31.343,5,3,42,134,4,1,0,86.364,20.536,16.418,22,0,1,19,3,0,0,4.409,399,23
2026-03-01 17:03:20,81.5,ElJuanchi,23.022,30.429,1,10,1,5.688,5,0,0,23.022,3,3,32,139,5,1,0,71.429,14.407,15.108,21,4,3,15,6,0,0,4.048,399,17
2026-03-13 15:56:00,95.101,ElJuanchi,30.769,0.0,0,6,1,4.929,5,0,0,30.769,3,2,28,91,2,3,0,80,16.901,21.978,20,0,1,16,4,1,0,4.4,399,12
2026-03-18 15:43:11,93.665,ElJuanchi,30.37,54.201,2,6,0,4.829,13,0,0,30.37,4,2,41,135,3,3,0,76.667,17.143,22.222,30,1,2,23,7,1,1,4.4,399,18
2026-03-19 16:41:20,91.862,ElJuanchi,30.159,40.563,1,9,2,5.526,6,0,0,30.159,4,1,38,126,2,3,0,89.474,19.626,15.079,19,1,1,17,2,0,1,4.737,399,21
2026-03-24 19:06:22,91.404,ElJuanchi,27.451,51.453,3,11,3,5.036,6,0,0,27.451,3,1,28,102,0,5,0,94.737,12.048,18.627,19,3,0,18,1,1,0,4.632,399,10
2026-03-29 18:09:19,87.029,ElJuanchi,34.454,56.812,2,9,0,4.976,8,0,0,34.454,4,5,41,119,1,4,0,100,19.588,18.487,22,2,0,22,0,0,0,4.682,399,19
2026-04-09 15:36:48,84.814,ElJuanchi,37.405,71.014,4,6,0,4.98,14,0,0,37.405,7,3,49,131,2,3,1,86.207,23.529,22.137,29,5,2,25,4,1,1,4.138,399,24
2026-04-14 12:21:10,86.468,ElJuanchi,34.234,57.507,2,6,1,5.289,8,0,0,34.234,3,1,38,111,5,0,0,80,24.176,18.018,20,0,1,16,4,0,0,4.6,399,22
2026-04-18 14:09:24,86.566,ElJuanchi,31.646,54.547,2,6,4,5.12,12,0,0,31.646,5,5,50,158,2,2,1,85.294,16.935,21.519,34,4,1,29,5,0,0,4.676,399,21
2026-04-28 18:07:21,87.537,ElJuanchi,32.824,65.828,3,7,1,4.791,14,0,0,32.824,7,4,43,131,4,2,0,86.957,21.296,17.557,23,5,1,20,3,0,0,4.0,399,23
2026-05-10 14:32:43,88.965,ElJuanchi,27.0,76.052,3,6,0,4.037,10,0,0,27,8,2,27,100,4,1,0,84.211,13.58,19,19,4,2,16,3,0,0,3.0,399,11
2026-05-19 16:16:06,93.831,ElJuanchi,28.962,32.153,0,12,3,5.698,5,0,0,28.962,2,2,53,183,3,3,0,81.25,17.881,17.486,32,4,2,26,6,0,0,4.875,399,27
2026-03-14 16:32:17,100.0,AnnaYanami,42.188,71.384,3,6,2,5.148,13,0,0,42.188,5,4,54,128,5,1,0,92,30.097,19.531,25,4,0,23,2,1,1,4.88,403,31
2026-03-19 16:41:20,92.71,AnnaYanami,46.212,89.082,4,4,2,4.705,14,0,0,46.212,7,4,61,132,2,3,0,97.143,27.835,26.515,35,4,0,34,1,0,0,4.543,403,27
2026-03-21 23:58:10,99.31,AnnaYanami,42.056,111.954,4,5,0,4.067,18,0,0,42.056,8,9,45,107,2,3,0,91.304,28.571,21.495,23,6,1,21,2,1,1,3.435,403,24
2026-01-11 17:19:26,8.412,anatharax,20.0,6.251,5,5,2,4.478,7,0,0,20,5,3,23,115,0,5,0,76.923,3.371,22.609,26,5,1,20,6,0,0,4.0,404,3
2026-02-16 14:25:39,10.066,anatharax,25.0,6.172,2,5,0,4.769,7,0,0,25,2,4,26,104,2,3,0,88.889,2.597,25.962,27,3,0,24,3,1,0,4.222,404,2
2026-02-23 13:34:06,77.56,anatharax,31.579,77.264,1,14,1,4.233,14,0,0,31.579,12,1,30,95,5,0,0,70.968,12.5,32.632,31,10,4,22,9,0,0,3.258,404,8
2026-03-19 16:41:20,87.82,anatharax,25.397,53.851,1,6,2,4.656,11,0,0,25.397,4,6,32,126,3,2,0,70,4.651,31.746,40,5,1,28,12,2,0,3.925,404,4
2026-04-14 12:21:10,87.15,anatharax,26.966,60.774,0,4,0,4.458,7,0,0,26.966,5,0,24,89,3,2,0,76.923,6.349,29.213,26,2,1,20,6,2,0,3.769,404,4
2026-01-11 17:19:26,8.253,anicomi,31.944,6.18,1,11,2,4.978,13,0,0,31.944,8,2,46,144,4,1,0,70,11.702,34.722,50,4,2,35,15,0,0,4.48,405,11
2026-01-18 13:47:44,8.253,anicomi,26.282,4.093,0,5,2,5.341,7,0,0,26.282,1,1,41,156,3,3,0,68.889,9.009,28.846,45,4,2,31,14,0,0,4.733,405,10
2026-01-26 16:08:49,8.253,anicomi,29.31,4.316,1,2,2,5.647,5,0,0,29.31,3,0,34,116,1,4,0,72.727,12.048,28.448,33,1,1,24,9,0,0,5.03,405,10
2026-02-09 14:05:22,9.615,anicomi,32.653,7.876,2,5,1,4.531,9,0,0,32.653,4,8,32,98,2,4,0,78.571,14.286,28.571,28,2,0,22,6,1,0,4.179,405,10
2026-02-16 14:25:39,9.828,anicomi,13.462,2.266,0,5,2,5.143,2,0,0,13.462,0,0,14,104,2,3,0,52.632,4.706,18.269,19,0,0,10,9,0,0,4.158,405,4
2026-02-23 13:34:06,74.83,anicomi,24.0,32.78,0,11,2,5.267,5,0,0,24,2,1,30,125,3,2,0,64.865,6.818,29.6,37,0,2,24,13,2,0,4.405,405,6
2026-03-18 15:43:11,72.343,anicomi,28.346,55.104,0,5,0,4.694,12,0,0,28.346,5,5,36,127,3,3,0,67.647,13.978,26.772,34,4,0,23,11,1,0,4.147,405,13
2026-03-21 23:58:10,74.332,anicomi,34.0,75.882,0,3,0,4.382,13,0,0,34,8,0,34,100,1,4,0,80,9.231,35,35,3,0,28,7,1,0,4.057,405,6
2026-03-24 19:06:22,76.173,anicomi,27.826,55.373,2,10,2,4.812,8,0,0,27.826,3,3,32,115,3,2,0,68.293,5.405,35.652,41,2,3,28,13,2,1,4.122,405,4
2026-03-29 18:09:19,77.34,anicomi,35.246,73.204,2,3,0,4.488,15,0,0,35.246,7,6,43,122,3,2,0,76.316,16.667,31.148,38,6,0,29,9,1,0,4.342,405,14
2026-04-18 14:09:24,80.205,anicomi,28.455,45.945,1,5,0,5.114,9,0,0,28.455,4,0,35,123,3,1,1,63.636,15.556,26.829,33,1,0,21,12,3,0,4.242,405,14
2026-03-19 16:41:20,80.0,FoopyPoopy,25.362,44.095,3,11,2,5.4,8,0,0,25.362,6,1,35,138,2,3,0,82.759,10.092,21.014,29,3,1,24,5,0,0,4.448,410,11
2026-03-21 23:58:10,80.79,FoopyPoopy,18.692,36.189,2,5,2,4.95,4,0,0,18.692,3,0,20,107,2,3,0,66.667,8.989,16.822,18,4,0,12,6,2,0,4.722,410,8
2026-03-13 15:56:00,100.0,zokie,36.264,0.0,4,6,1,4.424,9,0,0,36.264,6,3,33,91,2,3,0,82.143,15.873,30.769,28,1,1,23,5,3,0,3.786,413,10
2026-01-05 18:59:48,10.078,OkitaNobu,19.149,3.722,1,2,3,5.056,3,0,0,19.149,2,1,18,94,2,3,0,38.095,13.699,22.34,21,0,1,8,13,3,1,3.571,416,10
2026-01-11 17:19:26,9.035,OkitaNobu,24.793,4.86,2,8,4,5.267,8,0,0,24.793,4,2,30,121,1,4,0,70.588,6.897,28.099,34,3,0,24,10,1,0,4.647,416,6
2026-01-05 18:59:48,9.476,YellowRose,30.769,8.074,1,6,0,4.357,10,0,0,30.769,2,4,28,91,1,4,0,73.077,13.846,28.571,26,4,1,19,7,3,0,3.538,417,9
2026-01-09 22:25:54,9.599,YellowRose,32.231,4.088,0,1,1,5.615,5,0,0,32.231,0,1,39,121,3,2,0,82.353,12.644,28.099,34,0,0,28,6,2,0,5.059,417,11
2026-02-09 14:05:22,9.575,YellowRose,42.647,9.02,2,7,0,5.069,17,0,0,42.647,7,5,58,136,4,2,0,83.929,13.75,41.176,56,5,3,47,9,1,0,4.625,417,11
2026-02-16 14:25:39,10.233,YellowRose,35.238,11.703,3,12,0,4.108,18,0,0,35.238,8,7,37,105,4,1,0,76.923,10.606,37.143,39,10,3,30,9,3,0,3.077,417,7
2026-03-18 15:43:11,87.91,YellowRose,44.444,114.645,7,6,0,4.133,28,0,0,44.444,12,12,60,135,3,3,0,83.673,22.093,36.296,49,7,1,41,8,3,2,3.816,417,19
2026-03-29 18:09:19,95.06,YellowRose,41.237,85.533,3,3,0,4.725,13,0,0,41.237,6,4,40,97,2,3,0,78.125,23.077,32.99,32,6,0,25,7,2,0,4.281,417,15
2026-04-28 18:07:21,97.833,YellowRose,27.66,57.67,2,5,0,4.808,9,0,0,27.66,3,3,26,94,2,4,0,70,16.216,21.277,20,3,0,14,6,1,0,4.0,417,12
2026-04-30 15:50:01,93.58,YellowRose,42.484,81.539,6,8,3,5.062,14,0,0,42.484,9,3,65,153,2,3,0,86.538,19.802,33.987,52,3,1,45,7,1,0,4.519,417,20
2026-05-19 16:16:06,94.886,YellowRose,32.704,42.273,0,10,1,5.365,5,0,0,32.704,1,3,52,159,5,1,0,68.75,17.117,30.189,48,9,4,33,15,2,0,4.25,417,19
2026-01-11 17:19:26,9.574,keysha18,31.579,5.895,1,7,1,4.944,8,0,0,31.579,1,3,36,114,4,1,0,76,19.101,21.93,25,3,0,19,6,2,0,4.04,419,17
2026-01-26 16:08:49,9.574,keysha18,48.0,7.414,1,5,2,5.597,12,0,0,48,6,3,72,150,2,3,0,84.746,24.176,39.333,59,2,0,50,9,2,0,5.0,419,22
2026-02-03 14:14:42,10.723,keysha18,36.875,7.719,1,12,3,5.153,12,0,0,36.875,6,9,59,160,3,3,0,78.689,11.111,38.125,61,3,1,48,13,1,0,4.541,419,11
2026-02-09 14:05:22,10.969,keysha18,41.732,7.718,2,4,1,5.075,12,0,0,41.732,7,1,53,127,3,3,0,82.5,22.989,31.496,40,4,0,33,7,2,0,4.275,419,20
2026-02-13 15:17:16,11.092,keysha18,33.918,5.965,0,14,0,5.172,11,0,0,33.918,2,6,58,171,2,4,0,76.364,13.793,32.164,55,7,4,42,13,4,0,4.218,419,16
2026-02-17 22:57:01,89.38,keysha18,41.803,114.346,2,14,0,3.882,22,0,0,41.803,5,15,51,122,1,4,0,94.444,19.767,29.508,36,5,2,34,2,0,0,3.667,419,17
2026-02-23 13:34:06,88.403,keysha18,38.596,62.58,1,8,0,5.023,9,0,0,38.596,5,2,44,114,2,3,0,90.909,17.284,28.947,33,2,1,30,3,0,0,4.545,419,14
2026-03-01 17:03:20,87.21,keysha18,33.333,69.314,1,5,2,4.472,13,0,0,33.333,4,8,36,108,2,4,0,86.364,19.767,20.37,22,0,2,19,3,0,0,3.591,419,17
2026-03-19 16:41:20,84.365,keysha18,39.683,60.198,2,9,2,5.24,8,0,0,39.683,4,3,50,126,2,3,0,76.923,22.989,30.952,39,5,2,30,9,3,0,4.359,419,20
2026-04-14 12:21:10,85.045,keysha18,32.353,60.428,1,4,1,4.818,7,0,0,32.353,1,5,33,102,1,4,0,72.727,13.043,32.353,33,1,1,24,9,2,0,3.97,419,9
2026-04-18 14:09:24,82.16,keysha18,39.241,54.73,0,6,1,5.242,11,0,0,39.241,5,3,62,158,2,2,1,75,23.636,30.38,48,3,2,36,12,1,0,4.062,419,26
2026-04-28 18:07:21,84.043,keysha18,40.678,63.967,1,3,0,5.062,11,0,0,40.678,6,5,48,118,4,2,0,75,23.077,33.898,40,1,2,30,10,2,0,3.95,419,18
2026-04-30 15:50:01,85.836,keysha18,41.29,57.434,2,6,0,5.359,6,0,0,41.29,3,0,64,155,3,2,0,76.786,21.212,36.129,56,4,2,43,13,0,0,4.768,419,21
2026-05-17 19:20:26,86.799,keysha18,43.75,63.84,1,7,1,5.357,13,0,0,43.75,4,4,70,160,1,5,0,75.926,27.358,33.75,54,1,0,41,13,6,0,4.5,419,29
2026-05-19 16:16:06,84.284,keysha18,35.849,57.198,3,10,1,5.228,9,0,0,35.849,4,5,57,159,5,1,0,74.468,19.643,29.56,47,1,1,35,12,2,0,4.34,419,22
2026-03-21 23:58:10,60.0,OSXtrafton,2.0,1.839,0,3,7,5.5,0,0,0,2,0,0,2,100,1,4,0,6.897,0,29,29,2,2,2,27,2,0,3.897,420,0
2026-01-18 13:47:44,10.086,SaoriHayami,43.75,8.237,1,5,1,4.971,13,0,0,43.75,6,5,70,160,2,4,0,72.368,17.857,47.5,76,6,1,55,21,3,0,4.526,428,15
2026-03-14 16:32:17,98.89,SaoriHayami,45.732,71.124,1,15,2,5.04,15,0,0,45.732,1,12,75,164,2,4,0,77.273,24.49,40.244,66,3,2,51,15,4,0,4.439,428,24
2026-03-29 18:09:19,92.16,SaoriHayami,47.059,75.295,0,9,1,4.786,14,0,0,47.059,3,11,56,119,1,4,0,74.468,29.167,39.496,47,3,2,35,12,2,0,4.255,428,21
2026-04-07 13:45:30,93.02,SaoriHayami,38.129,70.938,1,10,1,4.66,12,0,0,38.129,4,4,53,139,2,3,1,60.714,22.892,40.288,56,3,3,34,22,6,0,3.571,428,19
2026-03-29 18:09:19,60.0,Nunuchu42,8.081,11.348,0,2,3,5.375,3,0,0,8.081,1,1,8,99,3,2,0,54.545,2.273,11.111,11,0,0,6,5,1,0,3.727,429,2
2026-02-17 22:57:01,110.0,HaruUrara,45.902,129.073,3,14,1,3.75,24,0,0,45.902,7,17,56,122,1,4,0,80,29.268,32.787,40,5,4,32,8,0,1,3.075,430,24
2026-02-23 13:34:06,112.73,HaruUrara,46.491,128.401,4,15,0,3.717,24,0,0,46.491,8,14,53,114,1,4,0,81.818,32.099,28.947,33,6,4,27,6,1,2,2.879,430,26
2026-02-27 17:49:06,114.93,HaruUrara,44.355,100.732,2,6,2,4.527,19,0,0,44.355,6,11,55,124,2,3,0,78.378,29.885,29.839,37,2,1,29,8,0,0,3.838,430,26
2026-03-19 16:41:20,109.71,HaruUrara,55.147,126.046,4,14,4,4.387,26,0,0,55.147,7,12,75,136,4,1,0,80.952,43.617,30.882,42,4,4,34,8,2,1,3.619,430,41
2026-04-30 15:50:01,110.31,HaruUrara,57.143,142.046,3,2,1,4.203,26,0,0,57.143,8,11,64,112,3,2,0,87.179,41.096,34.821,39,6,0,34,5,0,0,3.615,430,30
2026-01-05 18:59:48,7.568,Shiroha,26.786,5.643,1,4,1,4.867,8,0,0,26.786,6,0,30,112,4,1,0,73.333,19.588,13.393,15,3,0,11,4,0,0,3.4,431,19
2026-01-11 17:19:26,8.035,Luna,27.723,3.14,0,5,1,5.893,3,0,0,27.723,1,2,28,101,2,3,0,64.706,20.238,16.832,17,0,1,11,6,0,0,5.059,431,17
2026-02-13 15:17:16,9.246,Luna,28.07,5.542,1,14,3,5.062,11,0,0,28.07,2,4,48,171,2,4,0,68,21.233,14.62,25,6,2,17,8,1,1,4.28,431,31
2026-03-13 15:56:00,75.94,Luna,36.364,0.0,0,4,0,5.583,8,0,0,36.364,1,4,48,132,4,1,0,67.742,26.733,23.485,31,2,0,21,10,0,0,4.548,431,27
2026-03-14 16:32:17,74.66,Luna,40.719,54.264,0,3,0,5.338,14,0,0,40.719,3,6,68,167,3,3,0,88.889,31.429,16.168,27,4,1,24,3,0,0,4.444,431,44
2026-03-19 16:41:20,75.71,Luna,31.884,42.674,1,11,2,5.455,6,0,0,31.884,3,3,44,138,2,3,0,72.414,21.101,21.014,29,1,0,21,8,0,1,5.034,431,23
2026-03-24 19:06:22,79.596,Luna,36.641,67.891,4,10,2,5.104,11,0,0,36.641,6,3,48,131,3,2,0,72.414,26.471,22.137,29,3,2,21,8,1,1,3.931,431,27
2026-03-29 18:09:19,82.541,Luna,33.01,84.371,2,7,0,3.882,16,0,0,33.01,5,14,34,103,3,2,0,82.353,23.256,16.505,17,1,0,14,3,2,1,3.471,431,20
2026-04-07 13:45:30,85.38,Luna,35.928,67.533,4,7,0,4.85,15,0,0,35.928,8,4,60,167,2,3,1,77.419,26.471,18.563,31,4,1,24,7,3,1,3.935,431,36
2026-04-14 12:21:10,86.02,Luna,42.342,99.24,3,6,1,4.681,15,0,0,42.342,9,3,47,111,5,0,0,86.207,26.829,26.126,29,8,0,25,4,2,0,3.828,431,22
2026-04-18 14:09:24,91.69,Luna,35.714,71.617,3,5,1,4.8,12,0,0,35.714,4,6,50,140,2,3,0,70.968,25.688,22.143,31,6,0,22,9,3,1,3.774,431,28
2026-04-28 18:07:21,90.841,Luna,40.678,77.918,2,3,1,4.854,13,0,0,40.678,8,3,48,118,4,2,0,72.414,30.337,24.576,29,4,1,21,8,2,0,3.69,431,27
2026-05-10 14:32:43,95.567,Luna,37.383,90.179,2,8,0,4.25,16,0,0,37.383,6,8,40,107,1,4,0,81.481,22.5,25.234,27,6,0,22,5,1,0,3.593,431,18
2026-05-17 19:20:26,96.598,Luna,46.452,84.701,1,9,1,4.931,17,0,0,46.452,4,12,72,155,2,4,0,81.818,32.432,28.387,44,5,0,36,8,2,0,4.659,431,36
2026-03-18 15:43:11,105.0,IDeja,44.361,101.636,6,7,1,4.271,22,0,0,44.361,9,6,59,133,2,4,0,92.683,22.826,30.827,41,5,1,38,3,0,0,3.854,432,21
2026-03-19 16:41:20,112.75,IDeja,46.825,92.0,0,6,1,4.576,19,0,0,46.825,4,10,59,126,3,2,0,85.714,22.078,38.889,49,6,1,42,7,1,0,4.184,432,17
2026-04-07 13:45:30,105.04,IDeja,40.288,103.203,6,10,0,4.25,21,0,0,40.288,8,9,56,139,2,3,1,87.5,15.385,34.532,48,3,0,42,6,5,2,3.771,432,14
2026-04-09 15:36:48,105.42,IDeja,50.676,111.505,4,5,0,4.4,23,0,0,50.676,7,10,75,148,2,3,1,89.062,21.429,43.243,64,9,2,57,7,2,0,3.984,432,18
2026-04-30 15:50:01,106.7,Deja_,46.154,94.627,0,5,3,4.6,19,0,0,46.154,4,17,60,130,3,2,0,96,15,38.462,50,5,0,48,2,1,0,4.54,432,12
2026-05-17 19:20:26,105.3,Deja_,45.665,88.802,2,8,1,4.81,21,0,0,45.665,8,10,79,173,3,2,1,87.097,22.523,35.838,62,2,0,54,8,0,0,4.403,432,25
2026-05-17 19:20:26,85.0,Loomi,30.128,63.459,3,6,3,4.681,15,0,0,30.128,7,4,47,156,5,0,1,72.222,7.843,34.615,54,7,3,39,15,1,0,3.963,437,8
2026-01-05 18:59:48,9.963,Dav1d1,39.048,10.303,5,3,2,4.537,11,0,0,39.048,6,2,41,105,1,4,0,90,7.692,38.095,40,8,1,36,4,3,0,4.0,441,5
2026-01-09 22:25:54,9.402,Dav1d1,39.552,12.857,4,8,2,4.075,26,0,0,39.552,7,13,53,134,3,2,0,89.362,12.644,35.075,47,8,1,42,5,1,0,3.596,441,11
2026-01-11 17:19:26,9.402,Dav1d1,38.318,8.233,0,8,1,4.805,12,0,0,38.318,5,7,41,107,3,2,0,89.189,11.429,34.579,37,8,2,33,4,1,0,4.216,441,8
2026-01-18 13:47:44,9.402,Dav1d1,40.625,9.561,5,5,1,4.8,17,0,0,40.625,10,6,65,160,2,4,0,86.667,13,37.5,60,4,1,52,8,0,0,4.45,441,13
2026-03-21 23:58:10,101.0,Dav1d,37.931,82.556,3,1,0,4.697,10,0,0,37.931,6,3,33,87,4,1,0,86.207,13.793,33.333,29,5,0,25,4,0,0,4.379,441,8
2026-03-29 18:09:19,99.81,Dav1d,47.423,89.303,2,3,0,4.739,13,0,0,47.423,7,4,46,97,2,3,0,94.444,19.672,37.113,36,5,1,34,2,0,0,4.417,441,12
2026-05-10 14:32:43,99.852,Dav1d,37.594,67.159,3,15,2,5.04,10,0,0,37.594,5,3,50,133,0,5,0,92.683,13.043,30.827,41,7,1,38,3,0,0,4.829,441,12
2026-05-19 16:16:06,94.149,Dav1d,36.313,67.981,3,12,2,5.154,18,0,0,36.313,7,7,65,179,1,5,0,81.132,17.46,29.609,53,7,2,43,10,3,0,4.302,441,22
2026-01-09 22:25:54,11.249,Efe,48.673,10.6,3,6,0,5.091,16,0,0,48.673,7,4,55,113,1,4,0,100,36.957,18.584,21,0,0,21,0,0,2,5.524,442,34
2026-02-09 14:05:22,10.0,Zarelyyyx,40.441,7.939,4,7,1,5.218,12,0,0,40.441,6,3,55,136,4,2,0,90.909,16.304,32.353,44,2,2,40,4,0,1,5.068,450,15
2026-02-13 15:17:16,11.698,Zarelyyyx,47.273,8.982,3,15,1,5.269,14,0,0,47.273,4,12,78,165,3,3,0,92.157,27.193,30.909,51,6,2,47,4,1,0,4.843,450,31
2026-02-17 22:57:01,99.05,Zarelyyyx,42.478,84.006,4,4,1,4.958,11,0,0,42.478,6,5,48,113,2,3,0,82.857,24.359,30.973,35,3,1,29,6,0,0,4.657,450,19
2026-02-23 13:34:06,98.98,Zarelyyyx,30.526,60.263,3,14,0,4.931,6,0,0,30.526,5,2,29,95,5,0,0,80.769,11.594,27.368,26,1,1,21,5,1,0,4.115,450,8
2026-01-11 17:19:26,8.946,onai,39.669,6.718,1,8,0,5.229,10,0,0,39.669,2,5,48,121,1,4,0,100,31.132,12.397,15,0,0,15,0,0,0,5.067,451,33
2026-01-18 13:47:44,8.946,onai,40.12,5.062,0,6,1,5.537,5,0,0,40.12,1,2,67,167,4,2,0,87.097,29.412,18.563,31,0,0,27,4,2,0,5.355,451,40
2026-03-13 15:56:00,82.51,onai,33.036,0.0,1,6,0,4.973,9,0,0,33.036,3,3,37,112,1,4,0,90,20.652,17.857,20,2,0,18,2,0,1,5.45,451,19
2026-03-14 16:32:17,80.27,onai,44.025,52.999,0,8,0,5.514,11,0,0,44.025,2,6,70,159,2,4,0,88.462,35.338,16.352,26,0,0,23,3,0,0,5.308,451,47
2026-03-19 16:41:20,80.0,AkatsukiKirika,35.294,37.001,0,14,1,5.646,6,0,0,35.294,1,0,48,136,4,1,0,85,26.724,14.706,20,0,2,17,3,0,0,5.2,451,31
2026-04-09 15:36:48,80.62,AkatsukiKirika,36.22,56.551,2,9,0,5.283,8,0,0,36.22,3,5,46,127,3,3,0,90.909,24.762,17.323,22,1,0,20,2,1,1,5.182,451,26
2026-03-24 19:06:22,95.0,RyoutaVN,33.333,55.58,2,11,2,5.088,6,0,0,33.333,3,2,34,102,0,5,0,82.353,23.529,16.667,17,2,1,14,3,1,1,3.882,453,20
2026-03-29 18:09:19,81.74,RyoutaVN,40.984,85.794,4,3,1,4.46,16,0,0,40.984,5,5,50,122,3,2,0,93.548,23.077,25.41,31,8,0,29,2,0,0,3.516,453,21
2026-04-14 12:21:10,89.52,RyoutaVN,40.566,88.985,1,2,0,4.605,12,0,0,40.566,7,2,43,106,4,1,0,90.323,20,29.245,31,3,1,28,3,0,0,3.903,453,15
2026-04-18 14:09:24,93.41,RyoutaVN,36.923,74.298,0,6,1,4.771,17,0,0,36.923,3,8,48,130,3,2,0,96,22.857,19.231,25,4,0,24,1,0,0,4.0,453,24
2026-04-28 18:07:21,91.74,RyoutaVN,35.878,70.731,4,7,1,4.766,15,0,0,35.878,6,2,47,131,4,2,0,87.5,24.299,18.321,24,5,2,21,3,0,1,3.625,453,26
2026-04-30 15:50:01,92.45,RyoutaVN,33.333,72.619,1,4,4,4.625,14,0,0,33.333,2,9,40,120,1,4,0,96,16.842,20.833,25,5,0,24,1,0,0,3.8,453,16
2026-05-19 16:16:06,90.485,RyoutaVN,39.665,72.205,1,12,1,5.07,21,0,0,39.665,8,7,71,179,1,5,0,87.5,22.137,26.816,48,9,1,42,6,2,0,3.896,453,29
2026-02-09 14:05:22,8.7,Narva_,21.429,4.455,1,5,2,4.905,5,0,0,21.429,2,4,21,98,2,4,0,69.231,4.167,26.531,26,1,0,18,8,4,0,4.115,456,3
2026-01-18 13:47:44,5.615,hakohoka,11.538,3.036,2,5,9,4.833,6,0,0,11.538,4,1,18,156,3,3,0,87.5,2.857,10.256,16,4,0,14,2,0,0,4.688,462,4
2026-02-23 13:34:06,61.55,hakohoka,8.491,33.764,3,8,3,3.444,5,0,0,8.491,4,1,9,106,2,3,0,81.818,0,10.377,11,4,0,9,2,0,0,3.818,462,0
2026-03-13 15:56:00,63.51,hakohoka,13.393,0.0,2,6,3,4.933,5,0,0,13.393,3,1,15,112,1,4,0,100,4.902,8.929,10,3,0,10,0,0,0,3.9,462,5
2026-03-18 15:43:11,69.28,hakohoka,15.827,32.264,0,8,4,4.5,7,0,0,15.827,3,4,22,139,4,2,0,94.118,4.918,12.23,17,4,0,16,1,0,0,4.176,462,6
2026-03-19 16:41:20,69.07,hakohoka,12.121,22.667,2,4,6,5.312,5,0,0,12.121,4,0,16,132,2,3,0,90.909,4.959,8.333,11,2,0,10,1,0,0,4.818,462,6
2026-04-07 13:45:30,71.23,hakohoka,15.569,27.784,1,7,6,4.923,8,0,0,15.569,2,3,26,167,2,3,1,100,7.237,8.982,15,5,0,15,0,0,0,4.667,462,11
2026-04-09 15:36:48,67.275,hakohoka,14.865,16.865,0,5,4,5.682,3,0,0,14.865,2,0,22,148,2,3,1,100,9.353,6.081,9,0,0,9,0,0,0,5.444,462,13
2026-04-14 12:21:10,65.614,hakohoka,12.782,27.654,2,6,5,5.0,4,0,0,12.782,2,2,17,133,2,3,0,92.308,4.167,9.774,13,5,0,12,1,0,0,4.154,462,5
2026-04-30 15:50:01,65.212,hakohoka,15.672,42.64,2,9,1,4.571,11,0,0,15.672,5,4,21,134,3,2,0,100,5.833,10.448,14,5,0,14,0,0,0,3.857,462,7
2026-05-10 14:32:43,66.76,hakohoka,20.472,45.287,2,13,1,4.769,8,0,0,20.472,4,2,26,127,4,1,0,100,10.619,11.024,14,4,0,14,0,0,0,4.071,462,12
2026-01-09 22:25:54,8.133,metak,33.058,7.859,3,1,3,4.875,12,0,0,33.058,6,3,40,121,3,2,0,72.34,8.108,38.843,47,9,1,34,13,2,0,4.106,466,6
2026-02-23 13:34:06,92.29,metak,19.298,68.272,4,15,0,3.318,14,0,0,19.298,9,1,22,114,1,4,0,54.545,4.938,28.947,33,9,1,18,15,4,0,2.727,466,4
2026-02-27 17:49:06,90.63,metak,21.818,51.539,2,9,2,4.583,8,0,0,21.818,5,0,24,110,2,3,0,70,3.75,27.273,30,6,2,21,9,1,0,3.733,466,3
2026-05-19 16:16:06,91.88,metak,41.29,70.485,1,8,3,5.219,18,0,0,41.29,4,7,64,155,3,3,0,77.049,18.085,39.355,61,3,1,47,14,7,0,4.656,466,17
2026-02-09 14:05:22,9.5,JaneRemover,27.35,7.526,3,4,3,4.562,12,0,0,27.35,6,4,32,117,3,3,0,68.75,11.765,27.35,32,3,0,22,10,1,0,4.188,483,10
2026-02-17 22:57:01,82.45,JaneRemover,22.951,49.032,1,14,1,4.357,10,0,0,22.951,2,4,28,122,1,4,0,58.065,10.989,25.41,31,0,1,18,13,1,1,3.806,483,10
2026-02-23 13:34:06,78.94,JaneRemover,23.387,31.632,0,10,1,5.138,4,0,0,23.387,1,1,29,124,2,3,0,66.667,3.529,31.452,39,2,2,26,13,1,0,4.41,483,3
2026-02-27 17:49:06,74.98,JaneRemover,20.909,36.422,0,9,2,4.913,4,0,0,20.909,0,4,23,110,2,3,0,64.286,6.098,25.455,28,1,1,18,10,3,0,3.821,483,5
2026-03-13 15:56:00,78.0,zomg,23.333,0.0,2,6,3,4.381,8,0,0,23.333,3,0,21,90,2,3,0,50,15.714,22.222,20,4,3,10,10,0,0,3.55,489,11
2026-03-14 16:32:17,77.93,zomg,30.488,70.303,5,15,7,4.52,16,0,0,30.488,8,8,50,164,2,4,0,68.182,16.667,26.829,44,8,3,30,14,2,0,3.682,489,20
2026-03-18 15:43:11,87.32,zomg,29.134,71.484,5,5,2,4.27,15,0,0,29.134,7,3,37,127,3,3,0,78.571,15.152,22.047,28,6,0,22,6,0,0,3.571,489,15
2026-03-19 16:41:20,89.32,zomg,26.724,41.857,1,8,3,5.161,6,0,0,26.724,3,0,31,116,2,3,0,70.37,13.483,23.276,27,2,2,19,8,0,0,4.185,489,12
2026-03-24 19:06:22,86.59,zomg,30.579,55.995,1,10,1,5.027,10,0,0,30.579,6,2,37,121,2,3,0,71.875,15.73,26.446,32,7,1,23,9,1,0,4.062,489,14
2026-03-29 18:09:19,87.1,zomg,22.33,60.212,2,7,1,3.87,10,0,0,22.33,7,1,23,103,3,2,0,65,12.048,19.417,20,6,3,13,7,1,1,2.6,489,10
2026-04-07 13:45:30,84.082,zomg,24.342,51.592,3,11,0,4.595,12,0,0,24.342,5,1,37,152,1,5,0,76.923,13.492,17.105,26,5,3,20,6,0,0,3.192,489,17
2026-04-09 15:36:48,80.363,zomg,38.931,87.667,5,6,1,4.667,18,0,0,38.931,10,3,51,131,2,3,1,78.125,26.263,24.427,32,8,0,25,7,0,0,3.344,489,26
2026-04-14 12:21:10,82.573,zomg,20.225,49.241,2,4,1,4.444,5,0,0,20.225,3,0,18,89,3,2,0,76.471,6.944,19.101,17,3,0,13,4,0,0,3.353,489,5
2026-04-18 14:09:24,82.553,zomg,23.853,55.079,3,5,3,4.808,10,0,0,23.853,4,3,26,109,2,3,0,79.167,8.235,22.018,24,2,2,19,5,1,0,3.458,489,7
2026-04-28 18:07:21,81.508,zomg,34.4,93.57,5,5,1,4.116,19,0,0,34.4,8,5,43,125,2,4,0,90.909,14.13,26.4,33,9,2,30,3,0,0,3.515,489,13
2026-04-30 15:50:01,83.209,zomg,30.0,76.66,3,4,4,4.444,14,0,0,30,7,3,36,120,1,4,0,80.952,19.192,17.5,21,6,1,17,4,0,0,3.429,489,19
2026-05-10 14:32:43,81.581,zomg,26.316,36.248,0,15,4,5.371,7,0,0,26.316,1,2,35,133,0,5,0,78.125,9.901,24.06,32,3,3,25,7,2,0,4.5,489,10
2026-05-17 11:44:12,77.152,zomg,28.261,67.896,4,5,1,4.731,8,0,0,28.261,6,2,26,92,4,0,0,76.471,17.333,18.478,17,5,2,13,4,0,0,3.235,489,13
2026-05-17 11:44:12,60.0,chiabobo,10.323,14.153,1,8,6,5.5,2,0,0,10.323,1,0,16,155,3,3,0,23.913,4.587,29.677,46,0,4,11,35,2,0,3.717,493,5
2026-05-17 11:44:12,85.0,AppuruPai,30.833,71.309,3,8,0,4.324,12,0,0,30.833,4,7,37,120,1,5,0,68.085,6.849,39.167,47,7,4,32,15,6,0,3.298,495,5
2026-04-28 18:07:21,75.0,pxmacaiah,16.8,28.502,0,5,2,5.048,8,0,0,16.8,2,2,21,125,2,4,0,55.556,6.122,21.6,27,2,0,15,12,2,0,4.333,501,6
2026-05-10 14:32:43,70.0,Bewm,19.626,59.728,4,8,3,4.095,9,0,0,19.626,5,3,21,107,1,4,0,85.714,3.488,19.626,21,6,1,18,3,0,0,3.571,502,3
